{
  "themes": [
    {
      "id": "community-helpers-2024-12-06",
      "name": "Community Helpers",
      "weekStart": "2024-12-06",
      "weekEnd": "2024-12-12",
      "status": "current",
      "color": "#4A90E2",
      "emoji": "👷",
      "description": "Learn about the amazing people who help our community every day!",
      "discussionQuestions": [
        "Who helps us stay safe?",
        "What jobs do we see around town?",
        "What tools do helpers use?",
        "Who helps when we're sick?",
        "Who brings letters to our homes?",
        "What kind of helper do you want to be when you grow up?"
      ],
      "songs": [
        {
          "id": "ch-song-1",
          "title": "People in the Neighborhood",
          "type": "song",
          "lyrics": "Oh, who are the people in your neighborhood?\nIn your neighborhood, in your neighborhood?\nOh, who are the people in your neighborhood?\nThe people that you meet each day!",
          "youtubeUrl": "https://www.youtube.com/watch?v=V2bznCLMJFk",
          "notes": "Classic Sesame Street song - great for introducing the theme"
        },
        {
          "id": "ch-song-2",
          "title": "Community Helpers Song",
          "type": "song",
          "lyrics": "Firefighters, firefighters, help us every day!\nDoctors, doctors help us every day!\nTeachers, teachers help us every day!\nThank you community helpers, hip hip hooray!",
          "youtubeUrl": "https://www.youtube.com/watch?v=HNPq8ECOJUM",
          "notes": "Action song - children can act out each helper"
        },
        {
          "id": "ch-song-3",
          "title": "Hurry, Hurry, Drive the Fire Truck",
          "type": "action-song",
          "lyrics": "Hurry, hurry, drive the fire truck!\nHurry, hurry, drive the fire truck!\nHurry, hurry, drive the fire truck!\nDing, ding, ding, ding, ding!",
          "youtubeUrl": "https://www.youtube.com/watch?v=_mFxUITH4MM",
          "notes": "Great movement activity - pretend to drive, climb ladder, spray hose"
        }
      ],
      "stories": [
        {
          "id": "ch-story-1",
          "title": "Whose Hat Is This?",
          "author": "Sharon Katz Cooper",
          "type": "book",
          "description": "Children guess which community helper wears each hat",
          "amazonUrl": "https://www.amazon.com/Whose-Hat-This-Community-Helper/dp/1404819762",
          "notes": "Great for engagement - let children guess before revealing"
        },
        {
          "id": "ch-story-2",
          "title": "Helpers in My Community",
          "author": "Bobbie Kalman",
          "type": "book",
          "description": "Introduces various community helpers and what they do",
          "notes": "Good for vocabulary building"
        },
        {
          "id": "ch-story-3",
          "title": "Officer Buckle and Gloria",
          "author": "Peggy Rathmann",
          "type": "book",
          "description": "A police officer and his dog teach safety tips",
          "notes": "Caldecott Medal winner - funny and educational"
        }
      ],
      "games": [
        {
          "id": "ch-game-1",
          "title": "Community Helper Matching",
          "type": "matching-game",
          "description": "Match community helpers to their tools (doctor → stethoscope, firefighter → hose)",
          "materials": "Printed cards with helpers and tools",
          "printableUrl": "https://www.kindergartenworksheetsandgames.com/free-community-helpers-printable-wheel/",
          "notes": "Can be done as a group or individual activity"
        },
        {
          "id": "ch-game-2",
          "title": "Who Am I? Guessing Game",
          "type": "guessing-game",
          "description": "Teacher gives clues about a community helper, children guess who it is",
          "instructions": "I wear a uniform. I help put out fires. I drive a big red truck. Who am I?",
          "notes": "Great for developing listening skills"
        },
        {
          "id": "ch-game-3",
          "title": "Helper Simon Says",
          "type": "movement-game",
          "description": "Simon says act like a firefighter (climb ladder), doctor (check heartbeat), etc.",
          "notes": "Good movement break during circle time"
        }
      ],
      "crafts": [
        {
          "id": "ch-craft-1",
          "title": "Paper Bag Doctor Kit",
          "materials": "Brown paper bag, white paper, crayons, tape",
          "instructions": "1. Decorate a small paper bag as a doctor's kit\n2. Cut out and color paper tools (stethoscope, bandages, thermometer)\n3. Put tools in the bag for pretend play",
          "notes": "Children can take home and play doctor"
        },
        {
          "id": "ch-craft-2",
          "title": "Firefighter Hat",
          "materials": "Red construction paper, yellow paper, scissors, glue",
          "instructions": "1. Cut red paper into hat shape\n2. Cut yellow badge from paper\n3. Glue badge to front of hat\n4. Fit to child's head and tape",
          "pinterestUrl": "https://www.pinterest.com/search/pins/?q=firefighter%20hat%20craft%20preschool",
          "notes": "Great for dramatic play after"
        },
        {
          "id": "ch-craft-3",
          "title": "Community Helper Collage",
          "materials": "Magazine cutouts, paper, glue, scissors",
          "instructions": "1. Cut out pictures of community helpers from magazines\n2. Glue onto paper to create a community scene\n3. Label each helper together",
          "notes": "Can be done as group project on large paper"
        }
      ],
      "printables": [
        {
          "id": "ch-print-1",
          "title": "Community Helpers Coloring Pages",
          "type": "coloring",
          "url": "https://www.kidsparkz.com/community-helpers.html",
          "notes": "Print several different helpers for children to color"
        },
        {
          "id": "ch-print-2",
          "title": "Helper & Tool Matching Worksheet",
          "type": "worksheet",
          "url": "https://www.kindergartenworksheetsandgames.com/free-community-helpers-printable-wheel/",
          "notes": "Draw lines to match helpers with their tools"
        },
        {
          "id": "ch-print-3",
          "title": "Community Helper Flashcards",
          "type": "flashcards",
          "description": "Cards with pictures and names of community helpers",
          "notes": "Great for vocabulary and memory games"
        }
      ],
      "dramaticPlay": [
        {
          "id": "ch-dp-1",
          "title": "Doctor's Office",
          "setup": "Set up an area with stuffed animals as patients, a toy medical kit, white shirt as lab coat",
          "roles": "Doctor, nurse, patient, receptionist",
          "props": "Toy stethoscope, bandages, pretend thermometer, notepad for prescriptions",
          "notes": "Rotate roles so everyone gets a turn"
        },
        {
          "id": "ch-dp-2",
          "title": "Fire Station",
          "setup": "Create a 'fire truck' with chairs, add red paper flames to 'rescue' areas",
          "roles": "Firefighters, people to rescue, fire chief",
          "props": "Firefighter hats (can make from craft), garden hose or paper tube, pretend walkie-talkies",
          "notes": "Teach stop-drop-roll during this play"
        },
        {
          "id": "ch-dp-3",
          "title": "Post Office",
          "setup": "Create a post office counter, mailboxes from shoeboxes, stamps from stickers",
          "roles": "Mail carrier, postal worker, customer",
          "props": "Envelopes, stamps (stickers), bags for mail delivery",
          "notes": "Great for practicing writing names"
        }
      ],
      "movementActivities": [
        {
          "id": "ch-move-1",
          "title": "Helper Freeze Dance",
          "description": "Play music, when it stops, call out a helper and children freeze in that pose",
          "examples": "Freeze like a firefighter spraying water! Freeze like a doctor checking a patient!",
          "notes": "Good brain break between activities"
        },
        {
          "id": "ch-move-2",
          "title": "Mail Delivery Relay",
          "description": "Children 'deliver' envelopes to different spots in the classroom",
          "materials": "Envelopes, designated 'mailboxes' around room",
          "notes": "Teaches following directions and exercise"
        }
      ],
      "dailyPlan": {
        "monday": {
          "focus": "Introduction to Community Helpers",
          "activities": ["Opening song: People in the Neighborhood", "Discussion: Who helps us?", "Story: Whose Hat Is This?", "Craft: Start helper collage", "Closing: Helper freeze dance"]
        },
        "tuesday": {
          "focus": "Doctors & Nurses",
          "activities": ["Song: Community Helpers Song", "Discussion: Who helps when we're sick?", "Dramatic Play: Doctor's Office", "Craft: Paper bag doctor kit", "Movement: Check heartbeat like a doctor"]
        },
        "wednesday": {
          "focus": "Firefighters & Police",
          "activities": ["Song: Hurry, Hurry, Drive the Fire Truck", "Discussion: Who keeps us safe?", "Game: Who Am I? guessing game", "Craft: Firefighter hat", "Story: Officer Buckle and Gloria"]
        },
        "thursday": {
          "focus": "Mail Carriers & Teachers",
          "activities": ["Review song: People in the Neighborhood", "Dramatic Play: Post Office", "Game: Mail delivery relay", "Discussion: What does a teacher do?", "Printable: Community helper coloring"]
        },
        "friday": {
          "focus": "Review & Celebration",
          "activities": ["All community helper songs", "Game: Community Helper Matching", "Finish crafts", "Share what helper you want to be", "Thank you cards for school helpers"]
        }
      },
      "teacherNotes": "",
      "createdAt": "2024-12-06T00:00:00.000Z",
      "updatedAt": "2024-12-06T00:00:00.000Z"
    },
    {
      "id": "christmas-2024-12-13",
      "name": "Christmas",
      "weekStart": "2024-12-13",
      "weekEnd": "2024-12-19",
      "status": "upcoming",
      "color": "#D42426",
      "emoji": "🎄",
      "description": "Celebrate the magic and joy of Christmas through songs, crafts, and festive activities!",
      "discussionQuestions": [
        "What do you love most about Christmas?",
        "How does your family celebrate?",
        "Why do we give gifts to people we love?",
        "What makes a good friend/family member?",
        "What is something kind you can do for someone?",
        "What are you thankful for this year?"
      ],
      "songs": [
        {
          "id": "xmas-song-1",
          "title": "Jingle Bells",
          "type": "song",
          "lyrics": "Jingle bells, jingle bells, jingle all the way!\nOh what fun it is to ride in a one-horse open sleigh!",
          "youtubeUrl": "https://www.youtube.com/watch?v=eQ34DSTjsLQ",
          "notes": "Classic - add jingle bells or shakers for children to play along"
        },
        {
          "id": "xmas-song-2",
          "title": "We Wish You a Merry Christmas",
          "type": "song",
          "lyrics": "We wish you a Merry Christmas, we wish you a Merry Christmas,\nWe wish you a Merry Christmas and a Happy New Year!",
          "youtubeUrl": "https://www.youtube.com/watch?v=g-OF7KGyDis",
          "notes": "Great for learning about spreading joy and good wishes"
        },
        {
          "id": "xmas-song-3",
          "title": "Rudolph the Red-Nosed Reindeer",
          "type": "action-song",
          "lyrics": "Rudolph the red-nosed reindeer, had a very shiny nose...",
          "youtubeUrl": "https://www.youtube.com/watch?v=0byH9h1ClBY",
          "notes": "Great for teaching about being different and special"
        },
        {
          "id": "xmas-song-4",
          "title": "If You're Happy and You Know It (Christmas Version)",
          "type": "action-song",
          "lyrics": "If you're happy and you know it, ring the bells! (ding ding)\nIf you're happy and you know it, stomp your feet like reindeer!",
          "notes": "Adaptation - good for movement"
        },
        {
          "id": "xmas-song-5",
          "title": "Must Be Santa",
          "type": "action-song",
          "youtubeUrl": "https://www.youtube.com/watch?v=WhJoU9kLYrA",
          "notes": "Call and response song - very engaging for kids!"
        }
      ],
      "stories": [
        {
          "id": "xmas-story-1",
          "title": "The Gingerbread Man",
          "type": "book",
          "description": "Classic tale perfect for Christmas season baking theme",
          "notes": "Follow up with gingerbread decorating activity"
        },
        {
          "id": "xmas-story-2",
          "title": "How the Grinch Stole Christmas",
          "author": "Dr. Seuss",
          "type": "book",
          "description": "Story about the true meaning of Christmas",
          "notes": "Great for discussing kindness and the spirit of giving"
        },
        {
          "id": "xmas-story-3",
          "title": "The Snowman",
          "author": "Raymond Briggs",
          "type": "book",
          "description": "Wordless picture book about friendship",
          "notes": "Let children tell the story from the pictures"
        },
        {
          "id": "xmas-story-4",
          "title": "The Night Before Christmas",
          "author": "Clement Clarke Moore",
          "type": "book",
          "description": "Classic Christmas Eve poem",
          "notes": "Read with expression and sound effects"
        }
      ],
      "games": [
        {
          "id": "xmas-game-1",
          "title": "Christmas Rhyming Gift Wrap",
          "type": "phonics-game",
          "description": "Wrap small items, children unwrap and find rhyming pairs (cat-hat, bell-shell)",
          "materials": "Small items that rhyme, wrapping paper",
          "notes": "Great for phonological awareness - from PreKinders"
        },
        {
          "id": "xmas-game-2",
          "title": "Ornament Color Sorting",
          "type": "sorting-game",
          "description": "Sort plastic ornaments by color, size, or shape",
          "materials": "Plastic ornaments in various colors, sorting bowls",
          "notes": "Good for math concepts"
        },
        {
          "id": "xmas-game-3",
          "title": "Pin the Nose on Rudolph",
          "type": "party-game",
          "description": "Blindfolded children try to place red nose on Rudolph poster",
          "materials": "Large Rudolph poster, red circle 'noses', blindfold",
          "notes": "Adapt by having children close eyes instead of blindfold if needed"
        },
        {
          "id": "xmas-game-4",
          "title": "Christmas Memory Match",
          "type": "memory-game",
          "description": "Match pairs of Christmas-themed cards",
          "materials": "Printed Christmas memory cards",
          "notes": "Start with fewer pairs for younger children"
        },
        {
          "id": "xmas-game-5",
          "title": "Jingle Bell Toss",
          "type": "movement-game",
          "description": "Toss jingle bells into buckets/boxes",
          "materials": "Jingle bells, buckets or boxes",
          "notes": "Good for gross motor skills"
        }
      ],
      "crafts": [
        {
          "id": "xmas-craft-1",
          "title": "Paper Plate Wreath",
          "materials": "Paper plate (center cut out), green tissue paper, red pom poms or paper, ribbon",
          "instructions": "1. Cut center from paper plate to make ring\n2. Scrunch green tissue paper and glue all around\n3. Add red 'berries' (pom poms or paper circles)\n4. Add ribbon bow at top",
          "notes": "Beautiful to display or take home"
        },
        {
          "id": "xmas-craft-2",
          "title": "Handprint Christmas Tree",
          "materials": "Green paint, paper, star sticker or yellow paper, colored dots/pom poms",
          "instructions": "1. Paint child's hand green, press on paper multiple times in tree shape\n2. Add star on top\n3. Decorate with 'ornaments' (dots, pom poms)",
          "notes": "Great keepsake for parents"
        },
        {
          "id": "xmas-craft-3",
          "title": "Reindeer Antlers Headband",
          "materials": "Brown construction paper, headband or paper strip, googly eyes",
          "instructions": "1. Trace and cut child's hands from brown paper (antlers)\n2. Attach to headband\n3. Add eyes and red nose if desired",
          "notes": "Fun for dramatic play and songs"
        },
        {
          "id": "xmas-craft-4",
          "title": "Cotton Ball Snowman",
          "materials": "Blue paper, cotton balls, black paper scraps, orange paper, glue",
          "instructions": "1. Glue cotton balls in snowman shape\n2. Add black paper eyes and buttons\n3. Add orange paper triangle nose\n4. Optional: add paper hat and arms",
          "notes": "Good for fine motor skills"
        },
        {
          "id": "xmas-craft-5",
          "title": "Christmas Card for Family",
          "materials": "Folded card stock, crayons/markers, stickers, glitter",
          "instructions": "1. Fold paper to make card\n2. Children draw/decorate front\n3. Help write message inside\n4. Address to family member",
          "notes": "Teaches giving and thoughtfulness"
        }
      ],
      "printables": [
        {
          "id": "xmas-print-1",
          "title": "Christmas Coloring Pages",
          "type": "coloring",
          "description": "Tree, Santa, snowman, reindeer coloring pages",
          "notes": "Good for quiet time or transitions"
        },
        {
          "id": "xmas-print-2",
          "title": "Christmas Counting Worksheet",
          "type": "worksheet",
          "description": "Count Christmas objects and write the number",
          "notes": "Reinforce math skills"
        },
        {
          "id": "xmas-print-3",
          "title": "Letter to Santa Template",
          "type": "writing",
          "description": "Template for children to write/draw their letter to Santa",
          "notes": "Practice writing names and drawing"
        },
        {
          "id": "xmas-print-4",
          "title": "Christmas Pattern Strips",
          "type": "worksheet",
          "description": "Complete the pattern with Christmas images",
          "notes": "Math/logic skill building"
        }
      ],
      "dramaticPlay": [
        {
          "id": "xmas-dp-1",
          "title": "Santa's Workshop",
          "setup": "Create a toy-making station with craft materials, wrapping station, Santa costume",
          "roles": "Santa, elves, toy testers",
          "props": "Elf hats, small boxes to wrap, ribbon, toy tools",
          "notes": "Great for role-playing giving and making"
        },
        {
          "id": "xmas-dp-2",
          "title": "Christmas Bakery",
          "setup": "Set up pretend bakery with play dough, cookie cutters, baking trays",
          "roles": "Baker, customer, cashier",
          "props": "Play dough, Christmas cookie cutters, aprons, chef hats",
          "notes": "Connect to gingerbread story"
        },
        {
          "id": "xmas-dp-3",
          "title": "Christmas Morning",
          "setup": "Set up area with wrapped empty boxes, stockings, small tree",
          "roles": "Family members giving and receiving gifts",
          "props": "Wrapped boxes (reusable), stockings, pretend fireplace",
          "notes": "Practice saying thank you and showing gratitude"
        }
      ],
      "movementActivities": [
        {
          "id": "xmas-move-1",
          "title": "Reindeer Run",
          "description": "Children gallop around like reindeer, freeze when music stops",
          "notes": "Good for gross motor and listening skills"
        },
        {
          "id": "xmas-move-2",
          "title": "Snowflake Dancing",
          "description": "Dance and float like snowflakes to calm music, settle down slowly",
          "notes": "Good for calming/transitioning"
        },
        {
          "id": "xmas-move-3",
          "title": "Christmas Yoga",
          "description": "Simple poses: tree pose, star pose, candy cane stretch",
          "notes": "Good for body awareness and calm"
        },
        {
          "id": "xmas-move-4",
          "title": "Jingle Bell Shake",
          "description": "Shake jingle bells high/low, fast/slow following instructions",
          "materials": "Jingle bells or ribbon wands",
          "notes": "Good for following directions and rhythm"
        }
      ],
      "dailyPlan": {
        "monday": {
          "focus": "Introduction to Christmas / Joy & Giving",
          "activities": ["Opening: Jingle Bells with instruments", "Discussion: What do you love about Christmas?", "Story: How the Grinch Stole Christmas", "Craft: Start Christmas card for family", "Movement: Jingle Bell Shake"]
        },
        "tuesday": {
          "focus": "Santa & His Helpers",
          "activities": ["Song: Must Be Santa (call & response)", "Discussion: Who is Santa? What do elves do?", "Dramatic Play: Santa's Workshop", "Craft: Handprint Christmas tree", "Game: Christmas Memory Match"]
        },
        "wednesday": {
          "focus": "Reindeer & Winter Animals",
          "activities": ["Song: Rudolph the Red-Nosed Reindeer", "Discussion: Being different is special", "Story: The Snowman", "Craft: Reindeer antlers headband", "Movement: Reindeer Run"]
        },
        "thursday": {
          "focus": "Christmas Baking & Traditions",
          "activities": ["Song: We Wish You a Merry Christmas", "Story: The Gingerbread Man", "Dramatic Play: Christmas Bakery", "Craft: Paper plate wreath", "Game: Rhyming Gift Wrap"]
        },
        "friday": {
          "focus": "Celebration & Review",
          "activities": ["All Christmas songs", "Story: The Night Before Christmas", "Craft: Cotton ball snowman", "Game: Ornament sorting & Jingle Bell Toss", "Share: What are you thankful for?"]
        }
      },
      "teacherNotes": "",
      "createdAt": "2024-12-06T00:00:00.000Z",
      "updatedAt": "2024-12-06T00:00:00.000Z"
    }
  ],
  "settings": {
    "circleDuration": 20,
    "ageGroup": "kindergarten",
    "classSize": 15
  }
}




