{
  "id": "cultural",
  "name": "Cultural",
  "description": "Studies of geography, history, biology, science, art, and music",
  "color": "#9C27B0",
  "icon": "🌍",
  "sequence": 5,
  "categories": [
    {
      "id": "cu_geography",
      "name": "Geography",
      "description": "Physical and political geography",
      "sequence": 1,
      "works": [
        {"id": "cu_globe_land_water", "name": "Globe - Land and Water", "description": "Sandpaper globe", "ageRange": "primary_year1", "prerequisites": [], "sequence": 1, "materials": ["Sandpaper Globe"], "directAims": ["Land/water distinction"], "indirectAims": ["Earth awareness"], "controlOfError": "Texture difference", "chineseName": "蒙特梭利砂纸地球仪", "levels": [{"level": 1, "name": "Introduction", "description": "Feel land and water", "videoSearchTerms": ["montessori sandpaper globe"]}]},
        {"id": "cu_globe_continents", "name": "Globe - Continents", "description": "Colored continent globe", "ageRange": "primary_year1", "prerequisites": ["cu_globe_land_water"], "sequence": 2, "materials": ["Colored Globe"], "directAims": ["Continent names"], "indirectAims": ["World awareness"], "controlOfError": "Colors", "chineseName": "蒙特梭利彩色地球仪", "levels": [{"level": 1, "name": "Continent Names", "description": "Learn 7 continents", "videoSearchTerms": ["montessori colored globe"]}]},
        {"id": "cu_puzzle_map_world", "name": "Puzzle Map - World", "description": "World map with continent pieces", "ageRange": "primary_year1", "prerequisites": ["cu_globe_continents"], "sequence": 3, "materials": ["World Puzzle Map"], "directAims": ["Continent shapes"], "indirectAims": ["Map reading"], "controlOfError": "Pieces don't fit", "chineseName": "蒙特梭利世界地图拼图", "levels": [{"level": 1, "name": "Building Map", "description": "Place all continents", "videoSearchTerms": ["montessori world puzzle map"]}, {"level": 2, "name": "Naming", "description": "Name continents", "videoSearchTerms": ["montessori world map naming"]}, {"level": 3, "name": "Tracing", "description": "Trace for booklet", "videoSearchTerms": ["montessori continent tracing"]}]},
        {"id": "cu_puzzle_maps_continents", "name": "Puzzle Maps - Individual Continents", "description": "Maps for each continent with countries", "ageRange": "primary_year1", "prerequisites": ["cu_puzzle_map_world"], "sequence": 4, "materials": ["6 Continent Puzzle Maps"], "directAims": ["Country recognition"], "indirectAims": ["Cultural awareness"], "controlOfError": "Pieces don't fit", "chineseName": "蒙特梭利大洲地图拼图", "levels": [{"level": 1, "name": "North America", "description": "Countries of North America", "videoSearchTerms": ["montessori North America map"]}, {"level": 2, "name": "South America", "description": "Countries of South America", "videoSearchTerms": ["montessori South America map"]}, {"level": 3, "name": "Europe", "description": "Countries of Europe", "videoSearchTerms": ["montessori Europe map"]}, {"level": 4, "name": "Africa", "description": "Countries of Africa", "videoSearchTerms": ["montessori Africa map"]}, {"level": 5, "name": "Asia", "description": "Countries of Asia", "videoSearchTerms": ["montessori Asia map"]}, {"level": 6, "name": "Australia/Oceania", "description": "Regions of Oceania", "videoSearchTerms": ["montessori Australia map"]}]},
        {"id": "cu_flags", "name": "Flags of the World", "description": "Country flags", "ageRange": "primary_year1", "prerequisites": ["cu_puzzle_maps_continents"], "sequence": 5, "materials": ["Flag stands", "Miniature flags"], "directAims": ["Flag recognition"], "indirectAims": ["Cultural awareness"], "controlOfError": "Flag mismatch", "chineseName": "蒙特梭利世界国旗", "levels": [{"level": 1, "name": "Matching to Map", "description": "Place flags on countries", "videoSearchTerms": ["montessori flags map"]}, {"level": 2, "name": "Flag Identification", "description": "Name countries from flags", "videoSearchTerms": ["montessori flag identification"]}]},
        {"id": "cu_land_water_forms", "name": "Land and Water Forms", "description": "3D models of landforms", "ageRange": "primary_year1", "prerequisites": ["cu_globe_land_water"], "sequence": 6, "materials": ["Land/Water Form trays"], "directAims": ["Landform vocabulary"], "indirectAims": ["Geography concepts"], "controlOfError": "Water placement", "chineseName": "蒙特梭利陆地水体模型", "levels": [{"level": 1, "name": "Island/Lake", "description": "First pair", "videoSearchTerms": ["montessori island lake"]}, {"level": 2, "name": "Peninsula/Gulf", "description": "Second pair", "videoSearchTerms": ["montessori peninsula gulf"]}, {"level": 3, "name": "Isthmus/Strait", "description": "Third pair", "videoSearchTerms": ["montessori isthmus strait"]}, {"level": 4, "name": "Cape/Bay", "description": "Fourth pair", "videoSearchTerms": ["montessori cape bay"]}, {"level": 5, "name": "All Forms", "description": "All pairs together", "videoSearchTerms": ["montessori land water forms"]}]},
        {"id": "cu_solar_system", "name": "Solar System", "description": "Planets and sun", "ageRange": "primary_year2", "prerequisites": ["cu_globe_land_water"], "sequence": 7, "materials": ["Solar system model"], "directAims": ["Planet names", "Earth in space"], "indirectAims": ["Wonder"], "controlOfError": "Order incorrect", "chineseName": "蒙特梭利太阳系", "levels": [{"level": 1, "name": "Planets", "description": "Learn planet names and order", "videoSearchTerms": ["montessori solar system"]}]}
      ]
    },
    {
      "id": "cu_history",
      "name": "History and Time",
      "description": "Time concepts and historical awareness",
      "sequence": 2,
      "works": [
        {"id": "cu_calendar", "name": "Calendar Work", "description": "Days, weeks, months", "ageRange": "primary_year1", "prerequisites": [], "sequence": 1, "materials": ["Calendar", "Day/month cards"], "directAims": ["Time sequence"], "indirectAims": ["Routine"], "controlOfError": "Date incorrect", "chineseName": "蒙特梭利日历", "levels": [{"level": 1, "name": "Days of Week", "description": "Learn day names", "videoSearchTerms": ["montessori days week"]}, {"level": 2, "name": "Months", "description": "Learn month names", "videoSearchTerms": ["montessori months year"]}, {"level": 3, "name": "Seasons", "description": "Four seasons", "videoSearchTerms": ["montessori seasons"]}]},
        {"id": "cu_birthday_celebration", "name": "Birthday Celebration", "description": "Walking around the sun", "ageRange": "primary_year1", "prerequisites": ["cu_calendar"], "sequence": 2, "materials": ["Sun candle", "Months circle", "Globe"], "directAims": ["Understanding a year"], "indirectAims": ["Personal history"], "controlOfError": "Months order", "chineseName": "蒙特梭利生日庆祝", "levels": [{"level": 1, "name": "Birthday Walk", "description": "Walk for each year of life", "videoSearchTerms": ["montessori birthday celebration"]}]},
        {"id": "cu_personal_timeline", "name": "Personal Timeline", "description": "Events in child's life", "ageRange": "primary_year1", "prerequisites": ["cu_birthday_celebration"], "sequence": 3, "materials": ["Timeline materials", "Photos"], "directAims": ["Personal history"], "indirectAims": ["Time concepts"], "controlOfError": "Events out of order", "chineseName": "蒙特梭利个人时间线", "levels": [{"level": 1, "name": "My Timeline", "description": "Create personal timeline", "videoSearchTerms": ["montessori personal timeline"]}]},
        {"id": "cu_clock", "name": "Clock Work", "description": "Telling time", "ageRange": "primary_year2", "prerequisites": ["cu_calendar"], "sequence": 4, "materials": ["Learning clock"], "directAims": ["Reading clock"], "indirectAims": ["Time management"], "controlOfError": "Time incorrect", "chineseName": "蒙特梭利时钟", "levels": [{"level": 1, "name": "Hours", "description": "O'clock times", "videoSearchTerms": ["montessori clock hours"]}, {"level": 2, "name": "Half Hours", "description": "Half past", "videoSearchTerms": ["montessori clock half hour"]}, {"level": 3, "name": "Quarter Hours", "description": "Quarter past/to", "videoSearchTerms": ["montessori clock quarter"]}, {"level": 4, "name": "Five Minutes", "description": "By fives", "videoSearchTerms": ["montessori clock five minutes"]}, {"level": 5, "name": "All Minutes", "description": "Exact time", "videoSearchTerms": ["montessori clock minutes"]}]},
        {"id": "cu_timeline_life", "name": "Timeline of Life", "description": "History of life on Earth", "ageRange": "primary_year2", "prerequisites": ["cu_personal_timeline"], "sequence": 5, "materials": ["Timeline of Life"], "directAims": ["Evolution awareness"], "indirectAims": ["Historical thinking"], "controlOfError": "Sequence", "chineseName": "蒙特梭利生命时间线", "levels": [{"level": 1, "name": "Major Eras", "description": "Eras and life forms", "videoSearchTerms": ["montessori timeline life"]}]},
        {"id": "cu_fundamental_needs", "name": "Fundamental Needs of Humans", "description": "Universal human needs", "ageRange": "primary_year2", "prerequisites": [], "sequence": 6, "materials": ["Needs charts"], "directAims": ["Understanding needs"], "indirectAims": ["Empathy"], "controlOfError": "Classification", "chineseName": "蒙特梭利人类基本需求", "levels": [{"level": 1, "name": "Material Needs", "description": "Food, shelter, etc.", "videoSearchTerms": ["montessori fundamental needs"]}, {"level": 2, "name": "Spiritual Needs", "description": "Love, art, etc.", "videoSearchTerms": ["montessori spiritual needs"]}]}
      ]
    },
    {
      "id": "cu_botany",
      "name": "Botany",
      "description": "Study of plants",
      "sequence": 3,
      "works": [
        {"id": "cu_living_nonliving", "name": "Living vs Non-Living", "description": "Classification", "ageRange": "primary_year1", "prerequisites": [], "sequence": 1, "materials": ["Sorting cards"], "directAims": ["Classification"], "indirectAims": ["Scientific thinking"], "controlOfError": "Incorrect sorting", "chineseName": "蒙特梭利生物非生物", "levels": [{"level": 1, "name": "Sorting", "description": "Sort living/non-living", "videoSearchTerms": ["montessori living non-living"]}]},
        {"id": "cu_plant_animal", "name": "Plant vs Animal", "description": "Classification", "ageRange": "primary_year1", "prerequisites": ["cu_living_nonliving"], "sequence": 2, "materials": ["Sorting cards"], "directAims": ["Classification"], "indirectAims": ["Scientific thinking"], "controlOfError": "Incorrect sorting", "chineseName": "蒙特梭利植物动物", "levels": [{"level": 1, "name": "Sorting", "description": "Sort plants/animals", "videoSearchTerms": ["montessori plant animal sorting"]}]},
        {"id": "cu_parts_plant", "name": "Parts of a Plant", "description": "Plant anatomy", "ageRange": "primary_year1", "prerequisites": ["cu_plant_animal"], "sequence": 3, "materials": ["Plant puzzle", "Nomenclature cards"], "directAims": ["Plant vocabulary"], "indirectAims": ["Biology"], "controlOfError": "Parts mislabeled", "chineseName": "蒙特梭利植物部位", "levels": [{"level": 1, "name": "Plant Puzzle", "description": "Root, stem, leaf, flower", "videoSearchTerms": ["montessori parts plant puzzle"]}, {"level": 2, "name": "Real Plants", "description": "Find parts on real plants", "videoSearchTerms": ["montessori plant observation"]}]},
        {"id": "cu_parts_flower", "name": "Parts of a Flower", "description": "Flower anatomy", "ageRange": "primary_year1", "prerequisites": ["cu_parts_plant"], "sequence": 4, "materials": ["Flower puzzle"], "directAims": ["Flower vocabulary"], "indirectAims": ["Reproduction"], "controlOfError": "Parts mislabeled", "chineseName": "蒙特梭利花的部位", "levels": [{"level": 1, "name": "Flower Puzzle", "description": "Petal, sepal, stamen, pistil", "videoSearchTerms": ["montessori parts flower puzzle"]}]},
        {"id": "cu_parts_leaf", "name": "Parts of a Leaf", "description": "Leaf anatomy", "ageRange": "primary_year1", "prerequisites": ["cu_parts_plant"], "sequence": 5, "materials": ["Leaf puzzle", "Botany cabinet"], "directAims": ["Leaf vocabulary"], "indirectAims": ["Classification"], "controlOfError": "Parts mislabeled", "chineseName": "蒙特梭利叶的部位", "levels": [{"level": 1, "name": "Leaf Puzzle", "description": "Blade, petiole, veins", "videoSearchTerms": ["montessori parts leaf puzzle"]}, {"level": 2, "name": "Leaf Shapes", "description": "Types of leaves", "videoSearchTerms": ["montessori leaf shapes"]}]},
        {"id": "cu_parts_root", "name": "Parts of a Root", "description": "Root anatomy", "ageRange": "primary_year1", "prerequisites": ["cu_parts_plant"], "sequence": 6, "materials": ["Root puzzle"], "directAims": ["Root vocabulary"], "indirectAims": ["Plant nutrition"], "controlOfError": "Parts mislabeled", "chineseName": "蒙特梭利根的部位", "levels": [{"level": 1, "name": "Root Puzzle", "description": "Taproot, fibrous", "videoSearchTerms": ["montessori parts root puzzle"]}]},
        {"id": "cu_parts_seed", "name": "Parts of a Seed", "description": "Seed anatomy", "ageRange": "primary_year1", "prerequisites": ["cu_parts_plant"], "sequence": 7, "materials": ["Seed puzzle", "Real seeds"], "directAims": ["Seed vocabulary"], "indirectAims": ["Life cycle"], "controlOfError": "Parts mislabeled", "chineseName": "蒙特梭利种子部位", "levels": [{"level": 1, "name": "Seed Puzzle", "description": "Coat, embryo, cotyledon", "videoSearchTerms": ["montessori parts seed puzzle"]}]},
        {"id": "cu_plant_life_cycle", "name": "Plant Life Cycle", "description": "Seed to plant to seed", "ageRange": "primary_year1", "prerequisites": ["cu_parts_seed"], "sequence": 8, "materials": ["Life cycle cards", "Planting materials"], "directAims": ["Life cycle stages"], "indirectAims": ["Time concepts"], "controlOfError": "Stages order", "chineseName": "蒙特梭利植物生命周期", "levels": [{"level": 1, "name": "Life Cycle Cards", "description": "Sequence stages", "videoSearchTerms": ["montessori plant life cycle"]}, {"level": 2, "name": "Growing Plants", "description": "Observe growth", "videoSearchTerms": ["montessori growing plants"]}]},
        {"id": "cu_botany_experiments", "name": "Botany Experiments", "description": "Plant science experiments", "ageRange": "primary_year2", "prerequisites": ["cu_parts_plant"], "sequence": 9, "materials": ["Experiment materials"], "directAims": ["Scientific method"], "indirectAims": ["Plant needs"], "controlOfError": "Results", "chineseName": "蒙特梭利植物实验", "levels": [{"level": 1, "name": "Water Experiment", "description": "Plants need water", "videoSearchTerms": ["montessori plant water experiment"]}, {"level": 2, "name": "Light Experiment", "description": "Plants need light", "videoSearchTerms": ["montessori plant light experiment"]}]}
      ]
    },
    {
      "id": "cu_zoology",
      "name": "Zoology",
      "description": "Study of animals",
      "sequence": 4,
      "works": [
        {"id": "cu_vertebrate_invertebrate", "name": "Vertebrate vs Invertebrate", "description": "Backbone classification", "ageRange": "primary_year1", "prerequisites": ["cu_plant_animal"], "sequence": 1, "materials": ["Sorting cards"], "directAims": ["Classification"], "indirectAims": ["Scientific thinking"], "controlOfError": "Incorrect sorting", "chineseName": "蒙特梭利脊椎无脊椎", "levels": [{"level": 1, "name": "Sorting", "description": "Sort by backbone", "videoSearchTerms": ["montessori vertebrate invertebrate"]}]},
        {"id": "cu_five_classes", "name": "Five Classes of Vertebrates", "description": "Fish, amphibian, reptile, bird, mammal", "ageRange": "primary_year1", "prerequisites": ["cu_vertebrate_invertebrate"], "sequence": 2, "materials": ["Classification cards"], "directAims": ["Animal classification"], "indirectAims": ["Vocabulary"], "controlOfError": "Incorrect sorting", "chineseName": "蒙特梭利五类脊椎动物", "levels": [{"level": 1, "name": "Fish", "description": "Gills, scales, fins", "videoSearchTerms": ["montessori fish classification"]}, {"level": 2, "name": "Amphibians", "description": "Moist skin, metamorphosis", "videoSearchTerms": ["montessori amphibian"]}, {"level": 3, "name": "Reptiles", "description": "Scales, cold-blooded", "videoSearchTerms": ["montessori reptile"]}, {"level": 4, "name": "Birds", "description": "Feathers, beaks", "videoSearchTerms": ["montessori bird classification"]}, {"level": 5, "name": "Mammals", "description": "Fur, milk", "videoSearchTerms": ["montessori mammal"]}, {"level": 6, "name": "All Five", "description": "Sort all classes", "videoSearchTerms": ["montessori five classes"]}]},
        {"id": "cu_parts_fish", "name": "Parts of a Fish", "description": "Fish anatomy", "ageRange": "primary_year1", "prerequisites": ["cu_five_classes"], "sequence": 3, "materials": ["Fish puzzle"], "directAims": ["Fish vocabulary"], "indirectAims": ["Anatomy"], "controlOfError": "Parts mislabeled", "chineseName": "蒙特梭利鱼的部位", "levels": [{"level": 1, "name": "Fish Puzzle", "description": "Fins, gills, scales", "videoSearchTerms": ["montessori parts fish puzzle"]}]},
        {"id": "cu_parts_frog", "name": "Parts of a Frog", "description": "Amphibian anatomy", "ageRange": "primary_year1", "prerequisites": ["cu_five_classes"], "sequence": 4, "materials": ["Frog puzzle"], "directAims": ["Amphibian vocabulary"], "indirectAims": ["Anatomy"], "controlOfError": "Parts mislabeled", "chineseName": "蒙特梭利青蛙部位", "levels": [{"level": 1, "name": "Frog Puzzle", "description": "Frog parts", "videoSearchTerms": ["montessori parts frog puzzle"]}]},
        {"id": "cu_parts_turtle", "name": "Parts of a Turtle", "description": "Reptile anatomy", "ageRange": "primary_year1", "prerequisites": ["cu_five_classes"], "sequence": 5, "materials": ["Turtle puzzle"], "directAims": ["Reptile vocabulary"], "indirectAims": ["Anatomy"], "controlOfError": "Parts mislabeled", "chineseName": "蒙特梭利乌龟部位", "levels": [{"level": 1, "name": "Turtle Puzzle", "description": "Shell, legs, head", "videoSearchTerms": ["montessori parts turtle puzzle"]}]},
        {"id": "cu_parts_bird", "name": "Parts of a Bird", "description": "Bird anatomy", "ageRange": "primary_year1", "prerequisites": ["cu_five_classes"], "sequence": 6, "materials": ["Bird puzzle"], "directAims": ["Bird vocabulary"], "indirectAims": ["Anatomy"], "controlOfError": "Parts mislabeled", "chineseName": "蒙特梭利鸟的部位", "levels": [{"level": 1, "name": "Bird Puzzle", "description": "Beak, feathers, wings", "videoSearchTerms": ["montessori parts bird puzzle"]}]},
        {"id": "cu_parts_horse", "name": "Parts of a Horse", "description": "Mammal anatomy", "ageRange": "primary_year1", "prerequisites": ["cu_five_classes"], "sequence": 7, "materials": ["Horse puzzle"], "directAims": ["Mammal vocabulary"], "indirectAims": ["Anatomy"], "controlOfError": "Parts mislabeled", "chineseName": "蒙特梭利马的部位", "levels": [{"level": 1, "name": "Horse Puzzle", "description": "Mane, hooves, tail", "videoSearchTerms": ["montessori parts horse puzzle"]}]},
        {"id": "cu_animal_habitats", "name": "Animal Habitats", "description": "Where animals live", "ageRange": "primary_year1", "prerequisites": ["cu_five_classes"], "sequence": 8, "materials": ["Habitat cards"], "directAims": ["Habitat vocabulary"], "indirectAims": ["Ecology"], "controlOfError": "Wrong habitat", "chineseName": "蒙特梭利动物栖息地", "levels": [{"level": 1, "name": "Habitats", "description": "Forest, ocean, desert, etc.", "videoSearchTerms": ["montessori animal habitats"]}]},
        {"id": "cu_animals_continents", "name": "Animals of the Continents", "description": "Geographic distribution", "ageRange": "primary_year2", "prerequisites": ["cu_five_classes", "cu_puzzle_map_world"], "sequence": 9, "materials": ["Animal figurines", "Continent mats"], "directAims": ["Animal distribution"], "indirectAims": ["Global awareness"], "controlOfError": "Wrong continent", "chineseName": "蒙特梭利各大洲动物", "levels": [{"level": 1, "name": "Matching", "description": "Match animals to continents", "videoSearchTerms": ["montessori animals continents"]}]},
        {"id": "cu_life_cycles", "name": "Animal Life Cycles", "description": "Life cycles of animals", "ageRange": "primary_year1", "prerequisites": ["cu_five_classes"], "sequence": 10, "materials": ["Life cycle cards"], "directAims": ["Metamorphosis", "Growth"], "indirectAims": ["Nature appreciation"], "controlOfError": "Stages order", "chineseName": "蒙特梭利动物生命周期", "levels": [{"level": 1, "name": "Butterfly", "description": "Egg, larva, pupa, adult", "videoSearchTerms": ["montessori butterfly life cycle"]}, {"level": 2, "name": "Frog", "description": "Egg, tadpole, frog", "videoSearchTerms": ["montessori frog life cycle"]}, {"level": 3, "name": "Chicken", "description": "Egg, chick, chicken", "videoSearchTerms": ["montessori chicken life cycle"]}]}
      ]
    },
    {
      "id": "cu_science",
      "name": "Physical Science",
      "description": "Basic science experiments",
      "sequence": 5,
      "works": [
        {"id": "cu_sink_float", "name": "Sink and Float", "description": "Density exploration", "ageRange": "primary_year1", "prerequisites": [], "sequence": 1, "materials": ["Water basin", "Various objects"], "directAims": ["Density concept"], "indirectAims": ["Scientific method"], "controlOfError": "Object sinks/floats", "chineseName": "蒙特梭利沉浮", "levels": [{"level": 1, "name": "Predict and Test", "description": "Predict then test", "videoSearchTerms": ["montessori sink float"]}]},
        {"id": "cu_magnetic", "name": "Magnetic/Non-Magnetic", "description": "Magnetism exploration", "ageRange": "primary_year1", "prerequisites": [], "sequence": 2, "materials": ["Magnets", "Various objects"], "directAims": ["Magnetism concept"], "indirectAims": ["Scientific method"], "controlOfError": "Attracts or not", "chineseName": "蒙特梭利磁力", "levels": [{"level": 1, "name": "Predict and Test", "description": "Test with magnet", "videoSearchTerms": ["montessori magnetic"]}]},
        {"id": "cu_states_matter", "name": "States of Matter", "description": "Solid, liquid, gas", "ageRange": "primary_year1", "prerequisites": [], "sequence": 3, "materials": ["Ice, water"], "directAims": ["Three states"], "indirectAims": ["Scientific concepts"], "controlOfError": "Classification", "chineseName": "蒙特梭利物质三态", "levels": [{"level": 1, "name": "Identifying States", "description": "Solid, liquid, gas", "videoSearchTerms": ["montessori states matter"]}, {"level": 2, "name": "Changing States", "description": "Melting, evaporating", "videoSearchTerms": ["montessori changing states"]}]},
        {"id": "cu_color_mixing", "name": "Color Mixing", "description": "Primary and secondary colors", "ageRange": "primary_year1", "prerequisites": [], "sequence": 4, "materials": ["Primary colors"], "directAims": ["Color theory"], "indirectAims": ["Art preparation"], "controlOfError": "Color result", "chineseName": "蒙特梭利颜色混合", "levels": [{"level": 1, "name": "Secondary Colors", "description": "Red+yellow=orange, etc.", "videoSearchTerms": ["montessori color mixing"]}]},
        {"id": "cu_simple_machines", "name": "Simple Machines", "description": "Basic mechanics", "ageRange": "primary_year2", "prerequisites": [], "sequence": 5, "materials": ["Simple machine examples"], "directAims": ["Mechanical concepts"], "indirectAims": ["Engineering"], "controlOfError": "Doesn't work", "chineseName": "蒙特梭利简单机械", "levels": [{"level": 1, "name": "Lever", "description": "How levers work", "videoSearchTerms": ["montessori lever"]}, {"level": 2, "name": "Pulley", "description": "How pulleys work", "videoSearchTerms": ["montessori pulley"]}, {"level": 3, "name": "Inclined Plane", "description": "Ramps", "videoSearchTerms": ["montessori inclined plane"]}]},
        {"id": "cu_nature_study", "name": "Nature Study", "description": "Outdoor observation", "ageRange": "primary_year1", "prerequisites": [], "sequence": 6, "materials": ["Magnifying glass", "Nature journal"], "directAims": ["Observation skills"], "indirectAims": ["Nature appreciation"], "controlOfError": "None", "chineseName": "蒙特梭利自然观察", "levels": [{"level": 1, "name": "Nature Walk", "description": "Observe and collect", "videoSearchTerms": ["montessori nature walk"]}, {"level": 2, "name": "Nature Journal", "description": "Draw observations", "videoSearchTerms": ["montessori nature journal"]}]},
        {"id": "cu_weather", "name": "Weather Study", "description": "Weather phenomena", "ageRange": "primary_year1", "prerequisites": [], "sequence": 7, "materials": ["Weather chart", "Thermometer"], "directAims": ["Weather vocabulary"], "indirectAims": ["Scientific recording"], "controlOfError": "Recording", "chineseName": "蒙特梭利天气", "levels": [{"level": 1, "name": "Daily Weather", "description": "Record weather", "videoSearchTerms": ["montessori weather chart"]}]}
      ]
    },
    {
      "id": "cu_art",
      "name": "Art",
      "description": "Visual arts and creative expression",
      "sequence": 6,
      "works": [
        {"id": "cu_drawing", "name": "Drawing", "description": "Drawing skills", "ageRange": "primary_year1", "prerequisites": [], "sequence": 1, "materials": ["Pencils", "Crayons", "Paper"], "directAims": ["Drawing skills"], "indirectAims": ["Fine motor"], "controlOfError": "None - creative", "chineseName": "蒙特梭利绘画", "levels": [{"level": 1, "name": "Free Drawing", "description": "Explore drawing", "videoSearchTerms": ["montessori drawing"]}, {"level": 2, "name": "Guided Drawing", "description": "Step-by-step drawing", "videoSearchTerms": ["montessori guided drawing"]}]},
        {"id": "cu_painting", "name": "Painting", "description": "Painting techniques", "ageRange": "primary_year1", "prerequisites": [], "sequence": 2, "materials": ["Paints", "Brushes", "Paper", "Easel"], "directAims": ["Painting skills"], "indirectAims": ["Color awareness"], "controlOfError": "None - creative", "chineseName": "蒙特梭利绘画", "levels": [{"level": 1, "name": "Free Painting", "description": "Explore paint", "videoSearchTerms": ["montessori painting"]}, {"level": 2, "name": "Techniques", "description": "Specific techniques", "videoSearchTerms": ["montessori painting techniques"]}]},
        {"id": "cu_collage", "name": "Collage", "description": "Cutting and pasting", "ageRange": "primary_year1", "prerequisites": [], "sequence": 3, "materials": ["Paper", "Scissors", "Glue"], "directAims": ["Composition"], "indirectAims": ["Fine motor"], "controlOfError": "None - creative", "chineseName": "蒙特梭利拼贴", "levels": [{"level": 1, "name": "Basic Collage", "description": "Cut and paste", "videoSearchTerms": ["montessori collage"]}]},
        {"id": "cu_clay", "name": "Clay and Playdough", "description": "3D sculpting", "ageRange": "primary_year1", "prerequisites": [], "sequence": 4, "materials": ["Clay", "Playdough", "Tools"], "directAims": ["3D creation"], "indirectAims": ["Hand strength"], "controlOfError": "None - creative", "chineseName": "蒙特梭利粘土", "levels": [{"level": 1, "name": "Free Sculpting", "description": "Explore clay", "videoSearchTerms": ["montessori clay"]}]},
        {"id": "cu_printmaking", "name": "Printmaking", "description": "Making prints", "ageRange": "primary_year1", "prerequisites": [], "sequence": 5, "materials": ["Stamps", "Ink", "Paper"], "directAims": ["Print techniques"], "indirectAims": ["Pattern awareness"], "controlOfError": "None - creative", "chineseName": "蒙特梭利版画", "levels": [{"level": 1, "name": "Stamping", "description": "Use stamps", "videoSearchTerms": ["montessori stamping printing"]}]},
        {"id": "cu_art_appreciation", "name": "Art Appreciation", "description": "Looking at famous art", "ageRange": "primary_year2", "prerequisites": [], "sequence": 6, "materials": ["Art prints", "Artist cards"], "directAims": ["Art vocabulary"], "indirectAims": ["Aesthetic appreciation"], "controlOfError": "None", "chineseName": "蒙特梭利艺术欣赏", "levels": [{"level": 1, "name": "Famous Artists", "description": "Learn about artists", "videoSearchTerms": ["montessori art appreciation"]}]}
      ]
    },
    {
      "id": "cu_music",
      "name": "Music",
      "description": "Musical expression and appreciation",
      "sequence": 7,
      "works": [
        {"id": "cu_singing", "name": "Singing", "description": "Group singing", "ageRange": "primary_year1", "prerequisites": [], "sequence": 1, "materials": ["Song cards"], "directAims": ["Musical expression"], "indirectAims": ["Language"], "controlOfError": "None - creative", "chineseName": "蒙特梭利歌唱", "levels": [{"level": 1, "name": "Group Songs", "description": "Sing together", "videoSearchTerms": ["montessori singing"]}]},
        {"id": "cu_rhythm", "name": "Rhythm Instruments", "description": "Percussion", "ageRange": "primary_year1", "prerequisites": [], "sequence": 2, "materials": ["Rhythm instruments"], "directAims": ["Rhythm awareness"], "indirectAims": ["Coordination"], "controlOfError": "Rhythm off", "chineseName": "蒙特梭利节奏", "levels": [{"level": 1, "name": "Exploration", "description": "Explore instruments", "videoSearchTerms": ["montessori rhythm instruments"]}, {"level": 2, "name": "Patterns", "description": "Play patterns", "videoSearchTerms": ["montessori rhythm patterns"]}]},
        {"id": "cu_movement", "name": "Movement to Music", "description": "Dance and movement", "ageRange": "primary_year1", "prerequisites": [], "sequence": 3, "materials": ["Music player"], "directAims": ["Body awareness"], "indirectAims": ["Gross motor"], "controlOfError": "None - creative", "chineseName": "蒙特梭利律动", "levels": [{"level": 1, "name": "Free Movement", "description": "Move to music", "videoSearchTerms": ["montessori movement music"]}]},
        {"id": "cu_bells", "name": "Montessori Bells", "description": "Pitch discrimination and music", "ageRange": "primary_year2", "prerequisites": [], "sequence": 4, "materials": ["Montessori Bells"], "directAims": ["Pitch discrimination"], "indirectAims": ["Musical ear"], "controlOfError": "Pitch mismatch", "chineseName": "蒙特梭利音乐铃", "levels": [{"level": 1, "name": "Matching", "description": "Match pitches", "videoSearchTerms": ["montessori bells matching"]}, {"level": 2, "name": "Grading", "description": "Arrange by pitch", "videoSearchTerms": ["montessori bells grading"]}, {"level": 3, "name": "Songs", "description": "Play simple songs", "videoSearchTerms": ["montessori bells songs"]}]},
        {"id": "cu_music_appreciation", "name": "Music Appreciation", "description": "Listening to classical music", "ageRange": "primary_year2", "prerequisites": [], "sequence": 5, "materials": ["Music recordings", "Composer cards"], "directAims": ["Music vocabulary"], "indirectAims": ["Aesthetic appreciation"], "controlOfError": "None", "chineseName": "蒙特梭利音乐欣赏", "levels": [{"level": 1, "name": "Composers", "description": "Learn about composers", "videoSearchTerms": ["montessori music appreciation"]}]}
      ]
    }
  ]
}
