{
  "id": "language",
  "name": "Language",
  "description": "Materials and activities for oral language development, writing preparation, reading, and grammar",
  "color": "#E91E63",
  "icon": "📚",
  "sequence": 4,
  "categories": [
    {
      "id": "la_oral",
      "name": "Oral Language Development",
      "description": "Vocabulary enrichment, conversation, and phonemic awareness",
      "sequence": 1,
      "works": [
        {"id": "la_enrichment_vocabulary", "name": "Vocabulary Enrichment", "description": "Building vocabulary through conversation and objects", "ageRange": "primary_year1", "prerequisites": [], "sequence": 1, "materials": ["Real objects", "Pictures", "Books"], "directAims": ["Vocabulary expansion", "Precise language use"], "indirectAims": ["Communication skills", "Cognitive development"], "controlOfError": "Incorrect naming", "chineseName": "蒙特梭利词汇丰富", "levels": [{"level": 1, "name": "Naming Objects", "description": "Learn names of classroom objects", "videoSearchTerms": ["montessori vocabulary enrichment objects"]}, {"level": 2, "name": "Descriptive Language", "description": "Use adjectives to describe", "videoSearchTerms": ["montessori descriptive vocabulary"]}, {"level": 3, "name": "Classification Vocabulary", "description": "Category-specific words", "videoSearchTerms": ["montessori classification vocabulary"]}]},
        {"id": "la_classified_cards", "name": "Classified Cards (Nomenclature Cards)", "description": "Picture cards organized by category for vocabulary building", "ageRange": "primary_year1", "prerequisites": [], "sequence": 2, "materials": ["Classified card sets (animals, plants, vehicles, etc.)"], "directAims": ["Vocabulary in categories", "Visual discrimination"], "indirectAims": ["Reading preparation", "Classification skills"], "controlOfError": "Incorrect classification", "chineseName": "蒙特梭利分类卡片", "levels": [{"level": 1, "name": "Single Category", "description": "Name items in one category", "videoSearchTerms": ["montessori classified cards single category"]}, {"level": 2, "name": "Multiple Categories", "description": "Sort items across categories", "videoSearchTerms": ["montessori classified cards sorting"]}, {"level": 3, "name": "Subcategories", "description": "Detailed classification", "videoSearchTerms": ["montessori classified cards subcategories"]}, {"level": 4, "name": "With Labels", "description": "Match labels to pictures", "videoSearchTerms": ["montessori nomenclature cards labels"]}]},
        {"id": "la_object_picture_matching", "name": "Object to Picture Matching", "description": "Matching real objects to their picture representations", "ageRange": "primary_year1", "prerequisites": ["la_classified_cards"], "sequence": 3, "materials": ["Miniature objects", "Matching picture cards"], "directAims": ["Symbol recognition", "Abstract thinking"], "indirectAims": ["Vocabulary reinforcement"], "controlOfError": "Objects don't match pictures", "chineseName": "蒙特梭利实物图片配对", "levels": [{"level": 1, "name": "Basic Matching", "description": "Match object to picture", "videoSearchTerms": ["montessori object picture matching"]}]},
        {"id": "la_sound_games", "name": "Sound Games (I Spy)", "description": "Phonemic awareness activities isolating sounds in words", "ageRange": "primary_year1", "prerequisites": [], "sequence": 4, "materials": ["Objects with distinct sounds", "Sound baskets"], "directAims": ["Phonemic awareness", "Sound isolation", "Auditory discrimination"], "indirectAims": ["Preparation for reading and writing"], "controlOfError": "Incorrect sound identification", "chineseName": "蒙特梭利声音游戏", "levels": [{"level": 1, "name": "Initial Sounds - Objects", "description": "I spy something beginning with /m/", "videoSearchTerms": ["montessori I spy initial sounds"]}, {"level": 2, "name": "Initial Sounds - Environment", "description": "Find objects in room by sound", "videoSearchTerms": ["montessori I spy environment"]}, {"level": 3, "name": "Ending Sounds", "description": "I spy something ending with /t/", "videoSearchTerms": ["montessori ending sounds game"]}, {"level": 4, "name": "Middle Sounds", "description": "Identify middle vowel sounds", "videoSearchTerms": ["montessori middle sounds game"]}, {"level": 5, "name": "Sound Boxes", "description": "Sort objects by initial sound", "videoSearchTerms": ["montessori sound boxes sorting"]}]},
        {"id": "la_rhyming", "name": "Rhyming Activities", "description": "Recognizing and producing rhymes", "ageRange": "primary_year1", "prerequisites": ["la_sound_games"], "sequence": 5, "materials": ["Rhyming card sets", "Rhyming objects"], "directAims": ["Rhyme recognition", "Phonological awareness"], "indirectAims": ["Reading preparation", "Word families"], "controlOfError": "Words don't rhyme", "chineseName": "蒙特梭利押韵活动", "levels": [{"level": 1, "name": "Rhyme Recognition", "description": "Do these words rhyme?", "videoSearchTerms": ["montessori rhyming recognition"]}, {"level": 2, "name": "Rhyme Matching", "description": "Match rhyming pairs", "videoSearchTerms": ["montessori rhyming matching"]}, {"level": 3, "name": "Rhyme Production", "description": "Generate rhyming words", "videoSearchTerms": ["montessori rhyme production"]}]},
        {"id": "la_storytelling", "name": "Storytelling and Sequencing", "description": "Oral storytelling and story sequencing activities", "ageRange": "primary_year1", "prerequisites": ["la_enrichment_vocabulary"], "sequence": 6, "materials": ["Sequence cards", "Story props", "Felt board"], "directAims": ["Narrative skills", "Sequencing", "Comprehension"], "indirectAims": ["Language expression", "Logical thinking"], "controlOfError": "Sequence incorrect", "chineseName": "蒙特梭利讲故事", "levels": [{"level": 1, "name": "Picture Sequencing", "description": "Order story pictures", "videoSearchTerms": ["montessori story sequencing"]}, {"level": 2, "name": "Retelling Stories", "description": "Retell familiar stories", "videoSearchTerms": ["montessori story retelling"]}, {"level": 3, "name": "Creating Stories", "description": "Original storytelling", "videoSearchTerms": ["montessori creative storytelling"]}]},
        {"id": "la_poems_songs", "name": "Poems, Songs, and Fingerplays", "description": "Memorizing and performing poems and songs", "ageRange": "primary_year1", "prerequisites": [], "sequence": 7, "materials": ["Song charts", "Poetry cards"], "directAims": ["Memory", "Rhythm", "Language patterns"], "indirectAims": ["Phonological awareness", "Cultural knowledge"], "controlOfError": "Words forgotten", "chineseName": "蒙特梭利诗歌歌曲", "levels": [{"level": 1, "name": "Simple Songs", "description": "Learn classroom songs", "videoSearchTerms": ["montessori classroom songs"]}, {"level": 2, "name": "Fingerplays", "description": "Songs with hand motions", "videoSearchTerms": ["montessori fingerplays"]}, {"level": 3, "name": "Poetry", "description": "Memorize short poems", "videoSearchTerms": ["montessori poetry memorization"]}]},
        {"id": "la_conversation", "name": "Conversation and Discussion", "description": "Structured conversation practice", "ageRange": "primary_year1", "prerequisites": [], "sequence": 8, "materials": ["Discussion prompts", "Conversation starters"], "directAims": ["Conversational skills", "Turn-taking", "Listening"], "indirectAims": ["Social skills", "Expressive language"], "controlOfError": "Social feedback", "chineseName": "蒙特梭利对话练习", "levels": [{"level": 1, "name": "Circle Time Sharing", "description": "Share in group settings", "videoSearchTerms": ["montessori circle time sharing"]}, {"level": 2, "name": "Partner Conversations", "description": "Structured peer discussions", "videoSearchTerms": ["montessori partner conversations"]}]}
      ]
    },
    {
      "id": "la_writing_prep",
      "name": "Writing Preparation",
      "description": "Fine motor development and letter formation preparation",
      "sequence": 2,
      "works": [
        {"id": "la_metal_insets", "name": "Metal Insets", "description": "Geometric frames for developing pencil control and lightness of touch", "ageRange": "primary_year1", "prerequisites": [], "sequence": 1, "materials": ["Metal Insets (10 shapes)", "Colored pencils", "Inset paper", "Pencil holder"], "directAims": ["Pencil grip", "Pencil control", "Lightness of touch", "Hand-eye coordination"], "indirectAims": ["Preparation for letter formation", "Artistic expression"], "controlOfError": "Lines go outside shape", "chineseName": "蒙特梭利金属嵌板", "levels": [{"level": 1, "name": "Tracing Frame", "description": "Trace around outside of frame", "videoSearchTerms": ["montessori metal insets tracing frame"]}, {"level": 2, "name": "Tracing Inset", "description": "Trace around inset piece", "videoSearchTerms": ["montessori metal insets tracing inset"]}, {"level": 3, "name": "Filling In - Horizontal", "description": "Fill shape with horizontal lines", "videoSearchTerms": ["montessori metal insets filling horizontal"]}, {"level": 4, "name": "Filling In - Vertical", "description": "Fill with vertical lines", "videoSearchTerms": ["montessori metal insets filling vertical"]}, {"level": 5, "name": "Filling In - Diagonal", "description": "Fill with diagonal lines", "videoSearchTerms": ["montessori metal insets filling diagonal"]}, {"level": 6, "name": "Filling In - Curved", "description": "Fill with curved lines", "videoSearchTerms": ["montessori metal insets filling curved"]}, {"level": 7, "name": "Two Colors", "description": "Overlap two shapes", "videoSearchTerms": ["montessori metal insets two colors"]}, {"level": 8, "name": "Design Work", "description": "Create complex overlapping designs", "videoSearchTerms": ["montessori metal insets design"]}]},
        {"id": "la_sandpaper_letters", "name": "Sandpaper Letters", "description": "Tactile letters for learning letter sounds and formation", "ageRange": "primary_year1", "prerequisites": ["la_sound_games"], "sequence": 2, "materials": ["Sandpaper Letters (lowercase)", "Sand tray (optional)"], "directAims": ["Letter-sound association", "Letter formation through touch", "Phonetic sounds"], "indirectAims": ["Muscle memory for writing", "Reading preparation"], "controlOfError": "Texture provides tactile feedback on correct path", "chineseName": "蒙特梭利砂纸字母", "levels": [{"level": 1, "name": "First Group (c, m, a, t)", "description": "Introduce first consonants and vowel", "videoSearchTerms": ["montessori sandpaper letters first group"]}, {"level": 2, "name": "Second Group (s, r, i, p)", "description": "Second set of letters", "videoSearchTerms": ["montessori sandpaper letters second group"]}, {"level": 3, "name": "Third Group (b, f, o, g)", "description": "Third set of letters", "videoSearchTerms": ["montessori sandpaper letters third group"]}, {"level": 4, "name": "Fourth Group (h, j, u, l)", "description": "Fourth set of letters", "videoSearchTerms": ["montessori sandpaper letters fourth group"]}, {"level": 5, "name": "Fifth Group (d, w, e, n)", "description": "Fifth set of letters", "videoSearchTerms": ["montessori sandpaper letters fifth group"]}, {"level": 6, "name": "Sixth Group (k, q, v, x, y, z)", "description": "Remaining letters", "videoSearchTerms": ["montessori sandpaper letters sixth group"]}, {"level": 7, "name": "All Letters Review", "description": "Quick review all letters", "videoSearchTerms": ["montessori sandpaper letters all"]}, {"level": 8, "name": "Memory Games", "description": "Find letter by sound without looking", "videoSearchTerms": ["montessori sandpaper letters memory game"]}]},
        {"id": "la_sand_tray", "name": "Sand Tray Writing", "description": "Writing letters in sand before paper", "ageRange": "primary_year1", "prerequisites": ["la_sandpaper_letters"], "sequence": 3, "materials": ["Sand tray with colored sand"], "directAims": ["Letter formation practice", "Muscle memory"], "indirectAims": ["Writing preparation"], "controlOfError": "Letter doesn't form correctly", "chineseName": "蒙特梭利沙盘书写", "levels": [{"level": 1, "name": "Letter Writing", "description": "Form letters in sand", "videoSearchTerms": ["montessori sand tray writing letters"]}]},
        {"id": "la_chalkboard_writing", "name": "Chalkboard Writing", "description": "Large letter formation on chalkboard", "ageRange": "primary_year1", "prerequisites": ["la_sand_tray"], "sequence": 4, "materials": ["Chalkboard", "Chalk", "Eraser"], "directAims": ["Large motor letter formation", "Vertical surface writing"], "indirectAims": ["Shoulder stability", "Writing endurance"], "controlOfError": "Letter formation visible", "chineseName": "蒙特梭利黑板书写", "levels": [{"level": 1, "name": "Large Letters", "description": "Write letters large on chalkboard", "videoSearchTerms": ["montessori chalkboard writing"]}, {"level": 2, "name": "Words", "description": "Write simple words", "videoSearchTerms": ["montessori chalkboard words"]}]},
        {"id": "la_moveable_alphabet", "name": "Moveable Alphabet", "description": "Wooden or plastic letters for word building", "ageRange": "primary_year1", "prerequisites": ["la_sandpaper_letters"], "sequence": 5, "materials": ["Large Moveable Alphabet (blue consonants, red vowels)"], "directAims": ["Encoding words", "Spelling", "Word building"], "indirectAims": ["Reading preparation", "Phonetic analysis"], "controlOfError": "Word doesn't match intended word", "chineseName": "蒙特梭利活动字母", "levels": [{"level": 1, "name": "Introduction", "description": "Match to sandpaper letters", "videoSearchTerms": ["montessori moveable alphabet introduction"]}, {"level": 2, "name": "CVC Words - Objects", "description": "Build words for objects", "videoSearchTerms": ["montessori moveable alphabet CVC objects"]}, {"level": 3, "name": "CVC Words - Pictures", "description": "Build words for pictures", "videoSearchTerms": ["montessori moveable alphabet CVC pictures"]}, {"level": 4, "name": "Phonetic Words", "description": "Build 4-5 letter phonetic words", "videoSearchTerms": ["montessori moveable alphabet phonetic words"]}, {"level": 5, "name": "Phrases", "description": "Build simple phrases", "videoSearchTerms": ["montessori moveable alphabet phrases"]}, {"level": 6, "name": "Sentences", "description": "Build complete sentences", "videoSearchTerms": ["montessori moveable alphabet sentences"]}, {"level": 7, "name": "Stories", "description": "Build short stories", "videoSearchTerms": ["montessori moveable alphabet stories"]}]},
        {"id": "la_handwriting_paper", "name": "Handwriting on Paper", "description": "Formal handwriting practice on lined paper", "ageRange": "primary_year2", "prerequisites": ["la_chalkboard_writing"], "sequence": 6, "materials": ["Lined handwriting paper", "Pencils", "Letter formation cards"], "directAims": ["Proper letter formation on paper", "Letter sizing", "Line awareness"], "indirectAims": ["Written expression"], "controlOfError": "Letters don't sit on line or fit between lines", "chineseName": "蒙特梭利书写练习", "levels": [{"level": 1, "name": "Individual Letters", "description": "Write single letters on lines", "videoSearchTerms": ["montessori handwriting letters"]}, {"level": 2, "name": "Letter Groups", "description": "Write letters grouped by formation", "videoSearchTerms": ["montessori handwriting letter groups"]}, {"level": 3, "name": "Words", "description": "Write words with proper spacing", "videoSearchTerms": ["montessori handwriting words"]}, {"level": 4, "name": "Sentences", "description": "Write complete sentences", "videoSearchTerms": ["montessori handwriting sentences"]}, {"level": 5, "name": "Copywork", "description": "Copy poems and passages", "videoSearchTerms": ["montessori copywork"]}]},
        {"id": "la_creative_writing", "name": "Creative Writing", "description": "Original writing and composition", "ageRange": "primary_year2", "prerequisites": ["la_handwriting_paper"], "sequence": 7, "materials": ["Writing paper", "Journals", "Writing prompts"], "directAims": ["Written expression", "Composition skills"], "indirectAims": ["Creativity", "Communication"], "controlOfError": "Self-correction through reading", "chineseName": "蒙特梭利创意写作", "levels": [{"level": 1, "name": "Labeling", "description": "Label pictures and drawings", "videoSearchTerms": ["montessori writing labeling"]}, {"level": 2, "name": "Sentences About Pictures", "description": "Write about illustrations", "videoSearchTerms": ["montessori sentence writing"]}, {"level": 3, "name": "Journal Writing", "description": "Daily journal entries", "videoSearchTerms": ["montessori journal writing"]}, {"level": 4, "name": "Story Writing", "description": "Original stories", "videoSearchTerms": ["montessori creative story writing"]}]}
      ]
    },
    {
      "id": "la_reading",
      "name": "Reading",
      "description": "Progression from phonetic reading to fluency",
      "sequence": 3,
      "works": [
        {"id": "la_object_boxes", "name": "Object Boxes (Pink/Blue/Green)", "description": "Boxes with miniature objects and word labels", "ageRange": "primary_year1", "prerequisites": ["la_moveable_alphabet"], "sequence": 1, "materials": ["Object boxes with miniatures and labels"], "directAims": ["Reading first words", "Decoding"], "indirectAims": ["Reading confidence"], "controlOfError": "Labels don't match objects", "chineseName": "蒙特梭利物品盒", "levels": [{"level": 1, "name": "Pink Object Box", "description": "Read CVC word labels", "videoSearchTerms": ["montessori pink object box"]}, {"level": 2, "name": "Blue Object Box", "description": "Read blend word labels", "videoSearchTerms": ["montessori blue object box"]}, {"level": 3, "name": "Green Object Box", "description": "Read phonogram word labels", "videoSearchTerms": ["montessori green object box"]}]},
        {"id": "la_pink_series", "name": "Pink Series (CVC Words)", "description": "Complete reading series for 3-letter phonetic words", "ageRange": "primary_year1", "prerequisites": ["la_object_boxes"], "sequence": 2, "materials": ["Pink Series materials: picture cards, word cards, phrases, sentences, booklets"], "directAims": ["Reading CVC words fluently", "Building reading confidence"], "indirectAims": ["Decoding skills", "Comprehension"], "controlOfError": "Words don't match pictures", "chineseName": "蒙特梭利粉色系列", "levels": [{"level": 1, "name": "Picture-Word Matching", "description": "Match CVC words to pictures", "videoSearchTerms": ["montessori pink series picture word matching"]}, {"level": 2, "name": "Word Lists", "description": "Read lists of CVC words", "videoSearchTerms": ["montessori pink series word lists"]}, {"level": 3, "name": "Phrases", "description": "Read pink phrases", "videoSearchTerms": ["montessori pink series phrases"]}, {"level": 4, "name": "Sentences", "description": "Read pink sentences", "videoSearchTerms": ["montessori pink series sentences"]}, {"level": 5, "name": "Stories/Booklets", "description": "Read pink booklets", "videoSearchTerms": ["montessori pink series books"]}]},
        {"id": "la_blue_series", "name": "Blue Series (Blends)", "description": "Reading series for words with consonant blends", "ageRange": "primary_year1", "prerequisites": ["la_pink_series"], "sequence": 3, "materials": ["Blue Series materials: picture cards, word cards, phrases, sentences, booklets"], "directAims": ["Reading words with blends", "Decoding longer words"], "indirectAims": ["Reading fluency", "Phonemic awareness"], "controlOfError": "Words don't decode correctly", "chineseName": "蒙特梭利蓝色系列", "levels": [{"level": 1, "name": "Initial Blends", "description": "Words starting with bl, cl, fl, etc.", "videoSearchTerms": ["montessori blue series initial blends"]}, {"level": 2, "name": "Final Blends", "description": "Words ending with nd, mp, etc.", "videoSearchTerms": ["montessori blue series final blends"]}, {"level": 3, "name": "CVCC/CCVC Words", "description": "4-letter blend words", "videoSearchTerms": ["montessori blue series CVCC"]}, {"level": 4, "name": "Word Lists", "description": "Read blue word lists", "videoSearchTerms": ["montessori blue series word lists"]}, {"level": 5, "name": "Phrases", "description": "Read blue phrases", "videoSearchTerms": ["montessori blue series phrases"]}, {"level": 6, "name": "Sentences", "description": "Read blue sentences", "videoSearchTerms": ["montessori blue series sentences"]}, {"level": 7, "name": "Stories/Booklets", "description": "Read blue booklets", "videoSearchTerms": ["montessori blue series books"]}]},
        {"id": "la_phonogram_intro", "name": "Phonogram Introduction", "description": "Introduction to letter combinations that make new sounds", "ageRange": "primary_year2", "prerequisites": ["la_blue_series"], "sequence": 4, "materials": ["Sandpaper Phonograms", "Phonogram cards"], "directAims": ["Learning phonogram sounds", "Visual recognition"], "indirectAims": ["Reading complex words"], "controlOfError": "Sound doesn't match phonogram", "chineseName": "蒙特梭利音素介绍", "levels": [{"level": 1, "name": "Double Letters", "description": "ee, oo, ll, ss, ff, etc.", "videoSearchTerms": ["montessori phonograms double letters"]}, {"level": 2, "name": "Consonant Digraphs", "description": "sh, ch, th, wh, ck, etc.", "videoSearchTerms": ["montessori phonograms digraphs"]}, {"level": 3, "name": "Vowel Digraphs", "description": "ai, ay, ea, oa, etc.", "videoSearchTerms": ["montessori phonograms vowel digraphs"]}, {"level": 4, "name": "R-Controlled Vowels", "description": "ar, er, ir, or, ur", "videoSearchTerms": ["montessori phonograms r controlled"]}, {"level": 5, "name": "Silent E", "description": "a_e, i_e, o_e, u_e patterns", "videoSearchTerms": ["montessori phonograms silent e"]}, {"level": 6, "name": "Other Phonograms", "description": "ow, ou, oi, oy, aw, etc.", "videoSearchTerms": ["montessori phonograms other"]}]},
        {"id": "la_green_series", "name": "Green Series (Phonograms)", "description": "Reading series for words with phonograms", "ageRange": "primary_year2", "prerequisites": ["la_phonogram_intro"], "sequence": 5, "materials": ["Green Series materials organized by phonogram"], "directAims": ["Reading words with phonograms", "Phonogram recognition in context"], "indirectAims": ["Reading fluency", "Spelling patterns"], "controlOfError": "Words don't decode correctly", "chineseName": "蒙特梭利绿色系列", "levels": [{"level": 1, "name": "Picture-Word Matching", "description": "Match phonogram words to pictures", "videoSearchTerms": ["montessori green series matching"]}, {"level": 2, "name": "Word Lists by Phonogram", "description": "Read sorted word lists", "videoSearchTerms": ["montessori green series word lists"]}, {"level": 3, "name": "Mixed Phonogram Lists", "description": "Read mixed phonogram words", "videoSearchTerms": ["montessori green series mixed"]}, {"level": 4, "name": "Phrases", "description": "Read green phrases", "videoSearchTerms": ["montessori green series phrases"]}, {"level": 5, "name": "Sentences", "description": "Read green sentences", "videoSearchTerms": ["montessori green series sentences"]}, {"level": 6, "name": "Stories/Booklets", "description": "Read green booklets", "videoSearchTerms": ["montessori green series books"]}]},
        {"id": "la_puzzle_words", "name": "Puzzle Words (Sight Words)", "description": "High-frequency words that don't follow phonetic rules", "ageRange": "primary_year1", "prerequisites": ["la_pink_series"], "sequence": 6, "materials": ["Puzzle word cards", "Puzzle word booklets"], "directAims": ["Automatic recognition of common words", "Reading fluency"], "indirectAims": ["Comprehension", "Reading speed"], "controlOfError": "Word not recognized", "chineseName": "蒙特梭利高频词", "levels": [{"level": 1, "name": "First Set", "description": "the, a, is, to, and, etc.", "videoSearchTerms": ["montessori puzzle words first"]}, {"level": 2, "name": "Second Set", "description": "was, were, said, have, etc.", "videoSearchTerms": ["montessori puzzle words second"]}, {"level": 3, "name": "Third Set", "description": "Additional high-frequency words", "videoSearchTerms": ["montessori puzzle words third"]}, {"level": 4, "name": "In Context", "description": "Find puzzle words in text", "videoSearchTerms": ["montessori puzzle words context"]}]},
        {"id": "la_reading_analysis", "name": "Reading Analysis", "description": "Analyzing words while reading", "ageRange": "primary_year2", "prerequisites": ["la_green_series"], "sequence": 7, "materials": ["Reading analysis materials", "Phonogram charts"], "directAims": ["Word analysis skills", "Decoding strategies"], "indirectAims": ["Independent reading"], "controlOfError": "Analysis incorrect", "chineseName": "蒙特梭利阅读分析", "levels": [{"level": 1, "name": "Phonogram Identification", "description": "Find phonograms in words", "videoSearchTerms": ["montessori reading analysis phonograms"]}, {"level": 2, "name": "Word Building", "description": "Build and analyze word parts", "videoSearchTerms": ["montessori reading word analysis"]}]},
        {"id": "la_reading_classification", "name": "Reading Classification", "description": "Reading and classifying words and concepts", "ageRange": "primary_year2", "prerequisites": ["la_green_series", "la_classified_cards"], "sequence": 8, "materials": ["Classification reading cards"], "directAims": ["Reading comprehension", "Classification through reading"], "indirectAims": ["Content knowledge", "Critical thinking"], "controlOfError": "Classification incorrect", "chineseName": "蒙特梭利阅读分类", "levels": [{"level": 1, "name": "Reading to Classify", "description": "Read and sort into categories", "videoSearchTerms": ["montessori reading classification"]}]},
        {"id": "la_command_cards", "name": "Command Cards (Action Reading)", "description": "Reading commands and performing actions", "ageRange": "primary_year1", "prerequisites": ["la_pink_series"], "sequence": 9, "materials": ["Command cards at various levels"], "directAims": ["Reading comprehension through action", "Following directions"], "indirectAims": ["Reading for meaning"], "controlOfError": "Action doesn't match command", "chineseName": "蒙特梭利命令卡", "levels": [{"level": 1, "name": "Simple Commands", "description": "One-step commands: run, hop, sit", "videoSearchTerms": ["montessori command cards simple"]}, {"level": 2, "name": "Two-Step Commands", "description": "Walk to the door and wave", "videoSearchTerms": ["montessori command cards two step"]}, {"level": 3, "name": "Complex Commands", "description": "Multi-step detailed commands", "videoSearchTerms": ["montessori command cards complex"]}]},
        {"id": "la_interpretive_reading", "name": "Interpretive Reading", "description": "Reading with expression and interpretation", "ageRange": "primary_year2", "prerequisites": ["la_green_series"], "sequence": 10, "materials": ["Poetry", "Short stories", "Drama scripts"], "directAims": ["Fluency", "Expression", "Comprehension"], "indirectAims": ["Appreciation of literature"], "controlOfError": "Self-assessment and feedback", "chineseName": "蒙特梭利表达性阅读", "levels": [{"level": 1, "name": "Reading with Expression", "description": "Add expression while reading", "videoSearchTerms": ["montessori reading expression"]}, {"level": 2, "name": "Reader's Theater", "description": "Reading parts in plays", "videoSearchTerms": ["montessori readers theater"]}]},
        {"id": "la_silent_reading", "name": "Silent Reading", "description": "Independent silent reading practice", "ageRange": "primary_year2", "prerequisites": ["la_green_series"], "sequence": 11, "materials": ["Leveled books", "Book corner"], "directAims": ["Silent reading fluency", "Independence"], "indirectAims": ["Love of reading"], "controlOfError": "Comprehension questions", "chineseName": "蒙特梭利默读", "levels": [{"level": 1, "name": "Picture Books", "description": "Read illustrated books silently", "videoSearchTerms": ["montessori silent reading"]}, {"level": 2, "name": "Chapter Books", "description": "Longer texts", "videoSearchTerms": ["montessori independent reading"]}]}
      ]
    },
    {
      "id": "la_grammar",
      "name": "Grammar",
      "description": "Parts of speech and sentence structure",
      "sequence": 4,
      "works": [
        {"id": "la_noun_intro", "name": "Introduction to the Noun", "description": "Understanding nouns as naming words", "ageRange": "primary_year2", "prerequisites": ["la_pink_series"], "sequence": 1, "materials": ["Noun lesson materials", "Black triangle symbol", "Objects and labels"], "directAims": ["Understanding nouns name things", "Noun identification"], "indirectAims": ["Grammar awareness", "Vocabulary"], "controlOfError": "Incorrect classification", "chineseName": "蒙特梭利名词介绍", "levels": [{"level": 1, "name": "Naming Objects", "description": "Everything has a name", "videoSearchTerms": ["montessori noun introduction"]}, {"level": 2, "name": "Common Nouns", "description": "General naming words", "videoSearchTerms": ["montessori common nouns"]}, {"level": 3, "name": "Proper Nouns", "description": "Specific names with capitals", "videoSearchTerms": ["montessori proper nouns"]}, {"level": 4, "name": "Singular and Plural", "description": "One vs. more than one", "videoSearchTerms": ["montessori singular plural nouns"]}]},
        {"id": "la_article_intro", "name": "Introduction to the Article", "description": "Understanding articles as noun introducers", "ageRange": "primary_year2", "prerequisites": ["la_noun_intro"], "sequence": 2, "materials": ["Article materials", "Small light blue triangle"], "directAims": ["Understanding a, an, the", "Article usage"], "indirectAims": ["Grammar awareness"], "controlOfError": "Incorrect article use", "chineseName": "蒙特梭利冠词介绍", "levels": [{"level": 1, "name": "The Article", "description": "Learn a, an, the", "videoSearchTerms": ["montessori article introduction"]}, {"level": 2, "name": "A vs. An", "description": "When to use each", "videoSearchTerms": ["montessori a an articles"]}]},
        {"id": "la_adjective_intro", "name": "Introduction to the Adjective", "description": "Understanding adjectives as describing words", "ageRange": "primary_year2", "prerequisites": ["la_article_intro"], "sequence": 3, "materials": ["Adjective materials", "Medium dark blue triangle", "Detective adjective game"], "directAims": ["Understanding adjectives describe nouns", "Adjective identification"], "indirectAims": ["Descriptive language"], "controlOfError": "Adjective doesn't describe noun", "chineseName": "蒙特梭利形容词介绍", "levels": [{"level": 1, "name": "Detective Game", "description": "Which one? What kind?", "videoSearchTerms": ["montessori adjective detective game"]}, {"level": 2, "name": "Describing Nouns", "description": "Add adjectives to nouns", "videoSearchTerms": ["montessori adjectives describing nouns"]}, {"level": 3, "name": "Multiple Adjectives", "description": "Use several adjectives", "videoSearchTerms": ["montessori multiple adjectives"]}, {"level": 4, "name": "Comparative/Superlative", "description": "big, bigger, biggest", "videoSearchTerms": ["montessori comparative superlative adjectives"]}]},
        {"id": "la_verb_intro", "name": "Introduction to the Verb", "description": "Understanding verbs as action words", "ageRange": "primary_year2", "prerequisites": ["la_noun_intro"], "sequence": 4, "materials": ["Verb materials", "Large red circle symbol", "Action cards"], "directAims": ["Understanding verbs show action", "Verb identification"], "indirectAims": ["Sentence building"], "controlOfError": "Action doesn't match verb", "chineseName": "蒙特梭利动词介绍", "levels": [{"level": 1, "name": "Action Verbs", "description": "Words that show action", "videoSearchTerms": ["montessori verb introduction action"]}, {"level": 2, "name": "Command Game", "description": "Read and perform verbs", "videoSearchTerms": ["montessori verb command game"]}, {"level": 3, "name": "Verb Tenses", "description": "Past, present, future", "videoSearchTerms": ["montessori verb tenses"]}, {"level": 4, "name": "Being Verbs", "description": "is, am, are, was, were", "videoSearchTerms": ["montessori being verbs"]}]},
        {"id": "la_adverb_intro", "name": "Introduction to the Adverb", "description": "Understanding adverbs modify verbs", "ageRange": "primary_year2", "prerequisites": ["la_verb_intro"], "sequence": 5, "materials": ["Adverb materials", "Small orange circle", "Adverb game"], "directAims": ["Understanding adverbs describe how, when, where", "Adverb identification"], "indirectAims": ["Descriptive writing"], "controlOfError": "Adverb doesn't modify correctly", "chineseName": "蒙特梭利副词介绍", "levels": [{"level": 1, "name": "How (Manner)", "description": "Adverbs of manner: slowly, quickly", "videoSearchTerms": ["montessori adverb manner"]}, {"level": 2, "name": "When (Time)", "description": "Adverbs of time: yesterday, soon", "videoSearchTerms": ["montessori adverb time"]}, {"level": 3, "name": "Where (Place)", "description": "Adverbs of place: here, outside", "videoSearchTerms": ["montessori adverb place"]}]},
        {"id": "la_pronoun_intro", "name": "Introduction to the Pronoun", "description": "Understanding pronouns replace nouns", "ageRange": "primary_year2", "prerequisites": ["la_noun_intro"], "sequence": 6, "materials": ["Pronoun materials", "Purple/violet triangle"], "directAims": ["Understanding pronoun substitution", "Pronoun identification"], "indirectAims": ["Varied writing"], "controlOfError": "Pronoun doesn't match noun", "chineseName": "蒙特梭利代词介绍", "levels": [{"level": 1, "name": "Personal Pronouns", "description": "I, you, he, she, it, we, they", "videoSearchTerms": ["montessori personal pronouns"]}, {"level": 2, "name": "Possessive Pronouns", "description": "my, your, his, her, our, their", "videoSearchTerms": ["montessori possessive pronouns"]}]},
        {"id": "la_preposition_intro", "name": "Introduction to the Preposition", "description": "Understanding prepositions show position", "ageRange": "primary_year2", "prerequisites": ["la_noun_intro"], "sequence": 7, "materials": ["Preposition materials", "Green crescent symbol", "Preposition game"], "directAims": ["Understanding position words", "Preposition identification"], "indirectAims": ["Spatial language"], "controlOfError": "Position doesn't match preposition", "chineseName": "蒙特梭利介词介绍", "levels": [{"level": 1, "name": "Basic Prepositions", "description": "in, on, under, behind, etc.", "videoSearchTerms": ["montessori preposition introduction"]}, {"level": 2, "name": "Preposition Game", "description": "Act out prepositional phrases", "videoSearchTerms": ["montessori preposition game"]}]},
        {"id": "la_conjunction_intro", "name": "Introduction to the Conjunction", "description": "Understanding conjunctions connect words", "ageRange": "primary_year3", "prerequisites": ["la_verb_intro"], "sequence": 8, "materials": ["Conjunction materials", "Pink rectangle symbol"], "directAims": ["Understanding connecting words", "Conjunction identification"], "indirectAims": ["Complex sentence building"], "controlOfError": "Words not properly connected", "chineseName": "蒙特梭利连词介绍", "levels": [{"level": 1, "name": "Basic Conjunctions", "description": "and, but, or", "videoSearchTerms": ["montessori conjunction introduction"]}, {"level": 2, "name": "Compound Sentences", "description": "Connect two sentences", "videoSearchTerms": ["montessori compound sentences"]}]},
        {"id": "la_interjection_intro", "name": "Introduction to the Interjection", "description": "Understanding interjections express emotion", "ageRange": "primary_year3", "prerequisites": ["la_verb_intro"], "sequence": 9, "materials": ["Interjection materials", "Gold keyhole symbol"], "directAims": ["Understanding exclamatory words", "Interjection identification"], "indirectAims": ["Expressive language"], "controlOfError": "Incorrect usage", "chineseName": "蒙特梭利感叹词介绍", "levels": [{"level": 1, "name": "Interjections", "description": "Oh! Wow! Ouch! Hooray!", "videoSearchTerms": ["montessori interjection"]}]},
        {"id": "la_grammar_boxes", "name": "Grammar Boxes", "description": "Sentence analysis with fill-in activities", "ageRange": "primary_year3", "prerequisites": ["la_adjective_intro", "la_verb_intro"], "sequence": 10, "materials": ["Grammar Boxes I-VIII", "Filling boxes"], "directAims": ["Sentence analysis", "Part of speech function"], "indirectAims": ["Writing skills", "Sentence variety"], "controlOfError": "Sentences don't make sense", "chineseName": "蒙特梭利语法盒", "levels": [{"level": 1, "name": "Box I - Article", "description": "Article filling exercises", "videoSearchTerms": ["montessori grammar box I article"]}, {"level": 2, "name": "Box II - Adjective", "description": "Adjective filling exercises", "videoSearchTerms": ["montessori grammar box II adjective"]}, {"level": 3, "name": "Box III - Verb", "description": "Verb filling exercises", "videoSearchTerms": ["montessori grammar box III verb"]}, {"level": 4, "name": "Box IV - Preposition", "description": "Preposition filling exercises", "videoSearchTerms": ["montessori grammar box IV preposition"]}, {"level": 5, "name": "Box V - Adverb", "description": "Adverb filling exercises", "videoSearchTerms": ["montessori grammar box V adverb"]}, {"level": 6, "name": "Box VI - Pronoun", "description": "Pronoun filling exercises", "videoSearchTerms": ["montessori grammar box VI pronoun"]}, {"level": 7, "name": "Box VII - Conjunction", "description": "Conjunction exercises", "videoSearchTerms": ["montessori grammar box VII conjunction"]}, {"level": 8, "name": "Box VIII - Complex", "description": "Mixed exercises", "videoSearchTerms": ["montessori grammar box VIII"]}]},
        {"id": "la_sentence_analysis", "name": "Sentence Analysis", "description": "Advanced sentence structure analysis", "ageRange": "primary_year3", "prerequisites": ["la_grammar_boxes"], "sequence": 11, "materials": ["Sentence analysis charts", "Question arrows"], "directAims": ["Understanding sentence structure", "Subject and predicate"], "indirectAims": ["Complex sentence writing"], "controlOfError": "Analysis incorrect", "chineseName": "蒙特梭利句子分析", "levels": [{"level": 1, "name": "Subject and Predicate", "description": "Find subject and predicate", "videoSearchTerms": ["montessori sentence analysis subject predicate"]}, {"level": 2, "name": "Direct Object", "description": "Find what receives action", "videoSearchTerms": ["montessori sentence analysis direct object"]}, {"level": 3, "name": "Indirect Object", "description": "Find to whom/for whom", "videoSearchTerms": ["montessori sentence analysis indirect object"]}, {"level": 4, "name": "Adverbial Extensions", "description": "Find how, when, where", "videoSearchTerms": ["montessori sentence analysis adverbial"]}]}
      ]
    },
    {
      "id": "la_word_study",
      "name": "Word Study",
      "description": "Spelling patterns, word families, and word building",
      "sequence": 5,
      "works": [
        {"id": "la_word_families", "name": "Word Families", "description": "Words that share the same ending pattern", "ageRange": "primary_year1", "prerequisites": ["la_pink_series"], "sequence": 1, "materials": ["Word family cards", "Word family charts"], "directAims": ["Recognizing spelling patterns", "Rhyme families"], "indirectAims": ["Spelling", "Decoding"], "controlOfError": "Words don't fit family", "chineseName": "蒙特梭利词族", "levels": [{"level": 1, "name": "AT Family", "description": "cat, bat, hat, sat, etc.", "videoSearchTerms": ["montessori word family at"]}, {"level": 2, "name": "Other Families", "description": "an, ap, ig, op, etc.", "videoSearchTerms": ["montessori word families"]}]},
        {"id": "la_spelling_rules", "name": "Spelling Rules", "description": "Common spelling patterns and rules", "ageRange": "primary_year2", "prerequisites": ["la_green_series"], "sequence": 2, "materials": ["Spelling rule charts", "Word sorting materials"], "directAims": ["Understanding spelling patterns", "Applying rules"], "indirectAims": ["Accurate spelling"], "controlOfError": "Misspelled words", "chineseName": "蒙特梭利拼写规则", "levels": [{"level": 1, "name": "Doubling Rule", "description": "When to double consonants", "videoSearchTerms": ["montessori spelling doubling rule"]}, {"level": 2, "name": "Silent E Rule", "description": "Drop e when adding suffix", "videoSearchTerms": ["montessori spelling silent e rule"]}, {"level": 3, "name": "Y to I Rule", "description": "Change y to i", "videoSearchTerms": ["montessori spelling y to i"]}]},
        {"id": "la_compound_words", "name": "Compound Words", "description": "Words made of two smaller words", "ageRange": "primary_year2", "prerequisites": ["la_blue_series"], "sequence": 3, "materials": ["Compound word cards", "Matching materials"], "directAims": ["Understanding word building", "Vocabulary"], "indirectAims": ["Reading comprehension"], "controlOfError": "Compound doesn't make sense", "chineseName": "蒙特梭利复合词", "levels": [{"level": 1, "name": "Matching Compounds", "description": "Match parts to make words", "videoSearchTerms": ["montessori compound words matching"]}, {"level": 2, "name": "Building Compounds", "description": "Create compound words", "videoSearchTerms": ["montessori compound words building"]}]},
        {"id": "la_prefixes_suffixes", "name": "Prefixes and Suffixes", "description": "Word parts that change meaning", "ageRange": "primary_year3", "prerequisites": ["la_spelling_rules"], "sequence": 4, "materials": ["Prefix/suffix cards", "Word building materials"], "directAims": ["Understanding affixes", "Word building"], "indirectAims": ["Vocabulary expansion"], "controlOfError": "Word doesn't exist", "chineseName": "蒙特梭利前缀后缀", "levels": [{"level": 1, "name": "Common Suffixes", "description": "ed, ing, s, es, er, est", "videoSearchTerms": ["montessori suffixes"]}, {"level": 2, "name": "Common Prefixes", "description": "un, re, pre, dis", "videoSearchTerms": ["montessori prefixes"]}, {"level": 3, "name": "Word Building", "description": "Add affixes to root words", "videoSearchTerms": ["montessori word building affixes"]}]},
        {"id": "la_synonyms_antonyms", "name": "Synonyms and Antonyms", "description": "Words with similar and opposite meanings", "ageRange": "primary_year2", "prerequisites": ["la_green_series"], "sequence": 5, "materials": ["Synonym/antonym cards", "Matching games"], "directAims": ["Understanding word relationships", "Vocabulary"], "indirectAims": ["Varied writing"], "controlOfError": "Pairs don't match", "chineseName": "蒙特梭利近义词反义词", "levels": [{"level": 1, "name": "Antonym Pairs", "description": "Match opposites", "videoSearchTerms": ["montessori antonyms"]}, {"level": 2, "name": "Synonym Pairs", "description": "Match similar words", "videoSearchTerms": ["montessori synonyms"]}]},
        {"id": "la_homonyms", "name": "Homonyms", "description": "Words that sound the same but differ in meaning", "ageRange": "primary_year2", "prerequisites": ["la_green_series"], "sequence": 6, "materials": ["Homonym cards with pictures"], "directAims": ["Understanding multiple meanings", "Spelling awareness"], "indirectAims": ["Context clues"], "controlOfError": "Wrong meaning for context", "chineseName": "蒙特梭利同音词", "levels": [{"level": 1, "name": "Homophone Pairs", "description": "to/two/too, their/there/they're", "videoSearchTerms": ["montessori homophones"]}, {"level": 2, "name": "Multiple Meanings", "description": "Same word, different meanings", "videoSearchTerms": ["montessori multiple meaning words"]}]}
      ]
    }
  ]
}
