{
  "id": "math",
  "name": "Mathematics",
  "description": "Concrete materials that introduce mathematical concepts from counting to advanced operations",
  "color": "#2196F3",
  "icon": "🔢",
  "sequence": 3,
  "categories": [
    {
      "id": "ma_numeration",
      "name": "Introduction to Numbers (1-10)",
      "description": "Understanding quantity and symbol for numbers 1-10",
      "sequence": 1,
      "works": [
        {"id": "ma_number_rods", "name": "Number Rods", "description": "Ten red and blue rods representing quantities 1-10", "ageRange": "primary_year1", "prerequisites": [], "sequence": 1, "materials": ["Number Rods (10 rods from 10cm to 1m)"], "directAims": ["Understanding quantity 1-10", "Number names", "Visual representation of quantity"], "indirectAims": ["Preparation for addition", "Linear counting"], "controlOfError": "Rods don't align correctly", "chineseName": "蒙特梭利数棒", "levels": [{"level": 1, "name": "Introduction", "description": "Name quantities 1-10", "videoSearchTerms": ["montessori number rods introduction"]}, {"level": 2, "name": "Building Stair", "description": "Arrange in order 1-10", "videoSearchTerms": ["montessori number rods stair"]}, {"level": 3, "name": "Random Selection", "description": "Identify random rods", "videoSearchTerms": ["montessori number rods random"]}, {"level": 4, "name": "Combinations of 10", "description": "Find pairs that make 10", "videoSearchTerms": ["montessori number rods combinations ten"]}]},
        {"id": "ma_sandpaper_numerals", "name": "Sandpaper Numerals", "description": "Textured numerals 0-9 for tracing", "ageRange": "primary_year1", "prerequisites": ["ma_number_rods"], "sequence": 2, "materials": ["Sandpaper Numerals 0-9"], "directAims": ["Numeral recognition", "Numeral formation", "Association of symbol to quantity"], "indirectAims": ["Preparation for writing numerals"], "controlOfError": "Texture provides tactile feedback", "chineseName": "蒙特梭利砂纸数字", "levels": [{"level": 1, "name": "Tracing 1-3", "description": "Trace and name first numerals", "videoSearchTerms": ["montessori sandpaper numerals 1 2 3"]}, {"level": 2, "name": "Tracing 4-6", "description": "Continue with middle numerals", "videoSearchTerms": ["montessori sandpaper numerals 4 5 6"]}, {"level": 3, "name": "Tracing 7-9, 0", "description": "Complete all numerals including zero", "videoSearchTerms": ["montessori sandpaper numerals 7 8 9 0"]}, {"level": 4, "name": "Association with Rods", "description": "Match numerals to number rods", "videoSearchTerms": ["montessori sandpaper numerals number rods"]}]},
        {"id": "ma_number_rods_numerals", "name": "Number Rods with Numerals", "description": "Combining rods with numeral cards", "ageRange": "primary_year1", "prerequisites": ["ma_sandpaper_numerals"], "sequence": 3, "materials": ["Number Rods", "Numeral cards 1-10"], "directAims": ["Symbol-quantity association", "Numeral recognition"], "indirectAims": ["Reading numerals"], "controlOfError": "Cards don't match rods", "chineseName": "蒙特梭利数棒与数字卡", "levels": [{"level": 1, "name": "Placing Numerals", "description": "Place numeral card with each rod", "videoSearchTerms": ["montessori number rods numerals"]}]},
        {"id": "ma_spindle_box", "name": "Spindle Boxes", "description": "Box with compartments 0-9 for counting spindles", "ageRange": "primary_year1", "prerequisites": ["ma_sandpaper_numerals"], "sequence": 4, "materials": ["Spindle Box", "45 spindles", "Rubber bands (optional)"], "directAims": ["One-to-one correspondence", "Concept of zero", "Counting loose objects"], "indirectAims": ["Understanding zero as empty set"], "controlOfError": "Wrong number of spindles left over", "chineseName": "蒙特梭利纺锤棒箱", "levels": [{"level": 1, "name": "Counting Spindles", "description": "Place correct quantity in each compartment", "videoSearchTerms": ["montessori spindle box presentation"]}, {"level": 2, "name": "With Rubber Bands", "description": "Bundle spindles before placing", "videoSearchTerms": ["montessori spindle box rubber bands"]}]},
        {"id": "ma_cards_counters", "name": "Cards and Counters", "description": "Numeral cards 1-10 with 55 counters", "ageRange": "primary_year1", "prerequisites": ["ma_spindle_box"], "sequence": 5, "materials": ["Numeral cards 1-10", "55 counters (red discs)"], "directAims": ["Quantity-symbol association", "Odd and even concept", "Counting and arranging"], "indirectAims": ["Order", "Pattern recognition", "Division readiness"], "controlOfError": "Wrong number of counters", "chineseName": "蒙特梭利数字与筹码", "levels": [{"level": 1, "name": "Arranging Cards", "description": "Put cards in sequence", "videoSearchTerms": ["montessori cards counters cards"]}, {"level": 2, "name": "Placing Counters", "description": "Place counters in pairs under cards", "videoSearchTerms": ["montessori cards counters placing"]}, {"level": 3, "name": "Odd and Even", "description": "Discover odd/even pattern", "videoSearchTerms": ["montessori cards counters odd even"]}]},
        {"id": "ma_memory_game", "name": "Memory Game of Numbers", "description": "Fetching quantities from memory", "ageRange": "primary_year1", "prerequisites": ["ma_cards_counters"], "sequence": 6, "materials": ["Numeral cards", "Small objects to fetch"], "directAims": ["Number memory", "Counting accuracy", "Following directions"], "indirectAims": ["Concentration", "Independence"], "controlOfError": "Incorrect quantity fetched", "chineseName": "蒙特梭利数字记忆游戏", "levels": [{"level": 1, "name": "Basic Memory Game", "description": "Remember and fetch quantities", "videoSearchTerms": ["montessori memory game numbers"]}]},
        {"id": "ma_number_puzzles", "name": "Number Puzzles and Games", "description": "Various number recognition activities", "ageRange": "primary_year1", "prerequisites": ["ma_sandpaper_numerals"], "sequence": 7, "materials": ["Number puzzles", "Matching games"], "directAims": ["Number recognition reinforcement"], "indirectAims": ["Fine motor", "Concentration"], "controlOfError": "Pieces don't fit or match", "chineseName": "蒙特梭利数字拼图", "levels": [{"level": 1, "name": "Number Puzzles", "description": "Complete number puzzles", "videoSearchTerms": ["montessori number puzzles"]}]},
        {"id": "ma_short_bead_stair", "name": "Short Bead Stair", "description": "Colored bead bars representing 1-9", "ageRange": "primary_year1", "prerequisites": ["ma_number_rods"], "sequence": 8, "materials": ["Short Bead Stair (colored bead bars 1-9)"], "directAims": ["Quantity visualization", "Color-number association"], "indirectAims": ["Preparation for operations", "Skip counting"], "controlOfError": "Incorrect count", "chineseName": "蒙特梭利彩色串珠梯", "levels": [{"level": 1, "name": "Introduction", "description": "Learn bead bar colors and values", "videoSearchTerms": ["montessori short bead stair introduction"]}, {"level": 2, "name": "Building Stair", "description": "Arrange 1-9 in order", "videoSearchTerms": ["montessori short bead stair building"]}, {"level": 3, "name": "Random Identification", "description": "Identify random bead bars", "videoSearchTerms": ["montessori bead bars identification"]}]}
      ]
    },
    {
      "id": "ma_decimal",
      "name": "Decimal System",
      "description": "Introduction to place value and the base-10 system",
      "sequence": 2,
      "works": [
        {"id": "ma_golden_beads_intro", "name": "Introduction to Golden Beads", "description": "Introduction to units, tens, hundreds, thousands", "ageRange": "primary_year1", "prerequisites": ["ma_cards_counters"], "sequence": 1, "materials": ["Golden Bead Material (units, ten-bars, hundred-squares, thousand-cubes)"], "directAims": ["Understanding place value hierarchy", "Vocabulary: unit, ten, hundred, thousand"], "indirectAims": ["Mathematical mind", "Decimal system foundation"], "controlOfError": "Incorrect naming", "chineseName": "蒙特梭利金色串珠", "levels": [{"level": 1, "name": "Quantity Introduction", "description": "Learn unit, ten, hundred, thousand", "videoSearchTerms": ["montessori golden beads introduction"]}, {"level": 2, "name": "Three-Period Lesson", "description": "Name and identify each category", "videoSearchTerms": ["montessori golden beads three period lesson"]}]},
        {"id": "ma_golden_beads_tray", "name": "Golden Bead Tray Exercises", "description": "Fetching and organizing golden beads", "ageRange": "primary_year1", "prerequisites": ["ma_golden_beads_intro"], "sequence": 2, "materials": ["Golden Bead Material", "Trays"], "directAims": ["Handling place value materials", "Organization"], "indirectAims": ["Order", "Concentration"], "controlOfError": "Beads not organized correctly", "chineseName": "蒙特梭利金珠托盘", "levels": [{"level": 1, "name": "Fetching Quantities", "description": "Fetch requested quantity of each category", "videoSearchTerms": ["montessori golden beads fetching"]}]},
        {"id": "ma_large_numeral_cards", "name": "Large Numeral Cards", "description": "Cards for units (1-9), tens (10-90), hundreds (100-900), thousands (1000-9000)", "ageRange": "primary_year1", "prerequisites": ["ma_golden_beads_intro"], "sequence": 3, "materials": ["Large Numeral Cards (green units, blue tens, red hundreds, green thousands)"], "directAims": ["Symbol recognition for large numbers", "Place value in written form"], "indirectAims": ["Reading large numbers", "Color-coding place value"], "controlOfError": "Cards don't stack correctly", "chineseName": "蒙特梭利大数字卡", "levels": [{"level": 1, "name": "Introduction to Cards", "description": "Learn card colors and values", "videoSearchTerms": ["montessori large numeral cards introduction"]}, {"level": 2, "name": "Superimposing Cards", "description": "Stack cards to form multi-digit numbers", "videoSearchTerms": ["montessori numeral cards superimposing"]}]},
        {"id": "ma_formation_quantity", "name": "Formation of Quantity", "description": "Building quantities with golden beads", "ageRange": "primary_year1", "prerequisites": ["ma_golden_beads_tray"], "sequence": 4, "materials": ["Golden Bead Material", "Trays", "Labels"], "directAims": ["Building multi-digit quantities", "Understanding place value concretely"], "indirectAims": ["Order", "Mathematical thinking"], "controlOfError": "Quantity doesn't match request", "chineseName": "蒙特梭利金珠数量形成", "levels": [{"level": 1, "name": "Building Simple Quantities", "description": "Build 2-3 digit quantities", "videoSearchTerms": ["montessori golden beads building quantities"]}, {"level": 2, "name": "Building Complex Quantities", "description": "Build 4-digit quantities", "videoSearchTerms": ["montessori golden beads four digit"]}, {"level": 3, "name": "The 45 Layout", "description": "Complete layout of 1-9 of each category", "videoSearchTerms": ["montessori golden beads 45 layout"]}]},
        {"id": "ma_formation_symbol", "name": "Formation of Symbol", "description": "Building symbols with large numeral cards", "ageRange": "primary_year1", "prerequisites": ["ma_large_numeral_cards"], "sequence": 5, "materials": ["Large Numeral Cards"], "directAims": ["Building multi-digit numbers symbolically", "Reading large numbers"], "indirectAims": ["Place value understanding"], "controlOfError": "Cards not aligned or stacked correctly", "chineseName": "蒙特梭利金珠符号形成", "levels": [{"level": 1, "name": "Building Numbers", "description": "Superimpose cards to form numbers", "videoSearchTerms": ["montessori formation of symbol"]}, {"level": 2, "name": "Reading Numbers", "description": "Read multi-digit numbers", "videoSearchTerms": ["montessori reading large numbers"]}]},
        {"id": "ma_association_quantity_symbol", "name": "Association of Quantity and Symbol", "description": "Connecting golden bead quantities with numeral cards", "ageRange": "primary_year1", "prerequisites": ["ma_formation_quantity", "ma_formation_symbol"], "sequence": 6, "materials": ["Golden Bead Material", "Large Numeral Cards"], "directAims": ["Symbol-quantity association for large numbers"], "indirectAims": ["Concrete to abstract transition"], "controlOfError": "Symbol doesn't match quantity", "chineseName": "蒙特梭利金珠数量符号对应", "levels": [{"level": 1, "name": "Matching", "description": "Match quantities to symbols", "videoSearchTerms": ["montessori golden beads quantity symbol association"]}]},
        {"id": "ma_exchange_game", "name": "Exchange Game (Change Game)", "description": "Understanding exchange between place values", "ageRange": "primary_year1", "prerequisites": ["ma_association_quantity_symbol"], "sequence": 7, "materials": ["Golden Bead Material", "Dice or numeral cards"], "directAims": ["Understanding exchange (10 units = 1 ten, etc.)", "Carrying concept"], "indirectAims": ["Preparation for operations"], "controlOfError": "Quantities don't match after exchange", "chineseName": "蒙特梭利金珠换算游戏", "levels": [{"level": 1, "name": "Basic Exchange", "description": "Exchange 10 units for 1 ten", "videoSearchTerms": ["montessori exchange game basic"]}, {"level": 2, "name": "Multiple Exchanges", "description": "Exchange across multiple place values", "videoSearchTerms": ["montessori exchange game multiple"]}]},
        {"id": "ma_golden_beads_addition", "name": "Golden Bead Addition", "description": "Addition with golden bead material", "ageRange": "primary_year2", "prerequisites": ["ma_exchange_game"], "sequence": 8, "materials": ["Golden Bead Material", "Large Numeral Cards", "Problem cards"], "directAims": ["Concrete understanding of addition", "Process of combining quantities"], "indirectAims": ["Mathematical operations foundation"], "controlOfError": "Sum doesn't match calculation", "chineseName": "蒙特梭利金珠加法", "levels": [{"level": 1, "name": "Static Addition", "description": "Addition without exchange (no carrying)", "videoSearchTerms": ["montessori golden beads addition static"]}, {"level": 2, "name": "Dynamic Addition", "description": "Addition with exchange (carrying)", "videoSearchTerms": ["montessori golden beads addition dynamic"]}, {"level": 3, "name": "Group Addition", "description": "Multiple addends", "videoSearchTerms": ["montessori golden beads group addition"]}]},
        {"id": "ma_golden_beads_subtraction", "name": "Golden Bead Subtraction", "description": "Subtraction with golden bead material", "ageRange": "primary_year2", "prerequisites": ["ma_golden_beads_addition"], "sequence": 9, "materials": ["Golden Bead Material", "Large Numeral Cards", "Problem cards"], "directAims": ["Concrete understanding of subtraction", "Process of taking away"], "indirectAims": ["Mathematical operations foundation"], "controlOfError": "Difference doesn't match calculation", "chineseName": "蒙特梭利金珠减法", "levels": [{"level": 1, "name": "Static Subtraction", "description": "Subtraction without exchange (no borrowing)", "videoSearchTerms": ["montessori golden beads subtraction static"]}, {"level": 2, "name": "Dynamic Subtraction", "description": "Subtraction with exchange (borrowing)", "videoSearchTerms": ["montessori golden beads subtraction dynamic"]}]},
        {"id": "ma_golden_beads_multiplication", "name": "Golden Bead Multiplication", "description": "Multiplication with golden bead material", "ageRange": "primary_year2", "prerequisites": ["ma_golden_beads_addition"], "sequence": 10, "materials": ["Golden Bead Material", "Large Numeral Cards", "Small numeral cards"], "directAims": ["Multiplication as repeated addition", "Concrete multiplication"], "indirectAims": ["Mathematical operations"], "controlOfError": "Product doesn't match", "chineseName": "蒙特梭利金珠乘法", "levels": [{"level": 1, "name": "Multiplication Introduction", "description": "Same quantity taken multiple times", "videoSearchTerms": ["montessori golden beads multiplication"]}, {"level": 2, "name": "With Exchange", "description": "Multiplication requiring carrying", "videoSearchTerms": ["montessori golden beads multiplication exchange"]}]},
        {"id": "ma_golden_beads_division", "name": "Golden Bead Division", "description": "Division with golden bead material", "ageRange": "primary_year2", "prerequisites": ["ma_golden_beads_multiplication"], "sequence": 11, "materials": ["Golden Bead Material", "Large Numeral Cards", "Skittles (divisor markers)"], "directAims": ["Division as sharing equally", "Concrete division"], "indirectAims": ["Mathematical operations"], "controlOfError": "Quotient doesn't match", "chineseName": "蒙特梭利金珠除法", "levels": [{"level": 1, "name": "Division Introduction", "description": "Share equally among skittles", "videoSearchTerms": ["montessori golden beads division"]}, {"level": 2, "name": "With Exchange", "description": "Division requiring exchange", "videoSearchTerms": ["montessori golden beads division exchange"]}, {"level": 3, "name": "With Remainder", "description": "Division with remainder", "videoSearchTerms": ["montessori golden beads division remainder"]}]}
      ]
    },
    {
      "id": "ma_teens_tens",
      "name": "Teens and Tens",
      "description": "Understanding numbers 11-99",
      "sequence": 3,
      "works": [
        {"id": "ma_teen_board_1", "name": "Teen Board 1 (Seguin Board A)", "description": "Board for learning 11-19 with quantity", "ageRange": "primary_year1", "prerequisites": ["ma_golden_beads_intro", "ma_short_bead_stair"], "sequence": 1, "materials": ["Teen Board 1", "Golden ten-bar", "Colored bead bars 1-9"], "directAims": ["Understanding teen numbers", "Vocabulary: eleven through nineteen"], "indirectAims": ["Place value understanding"], "controlOfError": "Beads don't match numeral", "chineseName": "蒙特梭利十位板1", "levels": [{"level": 1, "name": "Introduction", "description": "Learn names 11-19 with beads", "videoSearchTerms": ["montessori teen board 1 introduction"]}, {"level": 2, "name": "Building Teens", "description": "Build teen numbers with beads", "videoSearchTerms": ["montessori teen board building teens"]}]},
        {"id": "ma_teen_board_2", "name": "Teen Board 2 (Seguin Board B)", "description": "Teen board without quantity for symbol practice", "ageRange": "primary_year1", "prerequisites": ["ma_teen_board_1"], "sequence": 2, "materials": ["Teen Board 2"], "directAims": ["Teen numeral recognition without quantity"], "indirectAims": ["Abstract number understanding"], "controlOfError": "Incorrect placement", "chineseName": "蒙特梭利十位板2", "levels": [{"level": 1, "name": "Symbol Practice", "description": "Place numerals without beads", "videoSearchTerms": ["montessori teen board 2"]}]},
        {"id": "ma_ten_board_1", "name": "Ten Board 1 (Seguin Board C)", "description": "Board for learning 10, 20, 30... 90", "ageRange": "primary_year1", "prerequisites": ["ma_teen_board_1"], "sequence": 3, "materials": ["Ten Board 1", "Golden ten-bars"], "directAims": ["Understanding tens: 10-90", "Counting by tens"], "indirectAims": ["Place value", "Skip counting"], "controlOfError": "Ten-bars don't match numeral", "chineseName": "蒙特梭利十位板3", "levels": [{"level": 1, "name": "Introduction", "description": "Learn 10, 20, 30... 90 with ten-bars", "videoSearchTerms": ["montessori ten board introduction"]}, {"level": 2, "name": "Counting by Tens", "description": "Skip count by tens", "videoSearchTerms": ["montessori ten board counting tens"]}]},
        {"id": "ma_ten_board_2", "name": "Ten Board 2 (Seguin Board D)", "description": "Board for all numbers 11-99", "ageRange": "primary_year1", "prerequisites": ["ma_ten_board_1"], "sequence": 4, "materials": ["Ten Board 2", "Ten-bars", "Colored bead bars"], "directAims": ["All numbers 11-99", "Two-digit number composition"], "indirectAims": ["Complete number sequence understanding"], "controlOfError": "Beads don't match numeral", "chineseName": "蒙特梭利十位板4", "levels": [{"level": 1, "name": "Numbers 11-19", "description": "Review teens on this board", "videoSearchTerms": ["montessori ten board 11-19"]}, {"level": 2, "name": "Numbers 21-29", "description": "Twenties with beads", "videoSearchTerms": ["montessori ten board twenties"]}, {"level": 3, "name": "All Decades", "description": "Complete 11-99", "videoSearchTerms": ["montessori ten board all decades"]}]},
        {"id": "ma_hundred_board", "name": "Hundred Board", "description": "Board with tiles 1-100", "ageRange": "primary_year1", "prerequisites": ["ma_ten_board_2"], "sequence": 5, "materials": ["Hundred Board", "Number tiles 1-100"], "directAims": ["Number sequence 1-100", "Pattern recognition"], "indirectAims": ["Concentration", "Order", "Skip counting"], "controlOfError": "Tiles don't fit or sequence incorrect", "chineseName": "蒙特梭利百数板", "levels": [{"level": 1, "name": "Filling the Board", "description": "Place all tiles 1-100", "videoSearchTerms": ["montessori hundred board filling"]}, {"level": 2, "name": "Skip Counting by 2s", "description": "Identify even numbers pattern", "videoSearchTerms": ["montessori hundred board skip counting 2s"]}, {"level": 3, "name": "Skip Counting by 5s", "description": "Identify 5s pattern", "videoSearchTerms": ["montessori hundred board skip counting 5s"]}, {"level": 4, "name": "Skip Counting by 10s", "description": "Identify 10s column", "videoSearchTerms": ["montessori hundred board skip counting 10s"]}, {"level": 5, "name": "Finding Patterns", "description": "Discover various patterns", "videoSearchTerms": ["montessori hundred board patterns"]}]},
        {"id": "ma_hundred_chain", "name": "Hundred Chain", "description": "10 ten-bars connected in a chain", "ageRange": "primary_year1", "prerequisites": ["ma_hundred_board"], "sequence": 6, "materials": ["Hundred Chain (10 connected ten-bars)", "Arrow labels 1-100"], "directAims": ["Linear counting to 100", "Skip counting by 10s"], "indirectAims": ["Preparation for square of 10"], "controlOfError": "Arrows don't match count", "chineseName": "蒙特梭利百珠链", "levels": [{"level": 1, "name": "Counting to 100", "description": "Count and place all arrows", "videoSearchTerms": ["montessori hundred chain counting"]}, {"level": 2, "name": "Skip Counting", "description": "Count by 10s placing decade arrows", "videoSearchTerms": ["montessori hundred chain skip counting"]}]},
        {"id": "ma_thousand_chain", "name": "Thousand Chain", "description": "100 ten-bars connected (1000 beads)", "ageRange": "primary_year2", "prerequisites": ["ma_hundred_chain"], "sequence": 7, "materials": ["Thousand Chain", "Arrow labels 1-1000"], "directAims": ["Linear counting to 1000", "Understanding of 1000"], "indirectAims": ["Patience", "Concentration", "Cube of 10"], "controlOfError": "Arrows don't match count", "chineseName": "蒙特梭利千珠链", "levels": [{"level": 1, "name": "Counting to 1000", "description": "Count and place all arrows", "videoSearchTerms": ["montessori thousand chain counting"]}, {"level": 2, "name": "Skip Counting by 100s", "description": "Count by hundreds", "videoSearchTerms": ["montessori thousand chain skip counting"]}]}
      ]
    },
    {
      "id": "ma_linear",
      "name": "Linear Counting (Bead Chains)",
      "description": "Counting with bead chains - squares and cubes",
      "sequence": 4,
      "works": [
        {"id": "ma_short_chains", "name": "Short Bead Chains (Squares)", "description": "Chains representing squares of numbers 1-10", "ageRange": "primary_year2", "prerequisites": ["ma_hundred_board"], "sequence": 1, "materials": ["Short Bead Chains (1²-10²)", "Arrow tickets", "Square of each number"], "directAims": ["Skip counting", "Understanding squares", "Multiplication readiness"], "indirectAims": ["Mathematical patterns", "Concentration"], "controlOfError": "Arrows don't match count", "chineseName": "蒙特梭利短串珠链", "levels": [{"level": 1, "name": "Chain of 2", "description": "Count by 2s to 4 (2²)", "videoSearchTerms": ["montessori short chain of 2"]}, {"level": 2, "name": "Chain of 3", "description": "Count by 3s to 9 (3²)", "videoSearchTerms": ["montessori short chain of 3"]}, {"level": 3, "name": "Chain of 4", "description": "Count by 4s to 16 (4²)", "videoSearchTerms": ["montessori short chain of 4"]}, {"level": 4, "name": "Chain of 5", "description": "Count by 5s to 25 (5²)", "videoSearchTerms": ["montessori short chain of 5"]}, {"level": 5, "name": "Chain of 6", "description": "Count by 6s to 36 (6²)", "videoSearchTerms": ["montessori short chain of 6"]}, {"level": 6, "name": "Chain of 7", "description": "Count by 7s to 49 (7²)", "videoSearchTerms": ["montessori short chain of 7"]}, {"level": 7, "name": "Chain of 8", "description": "Count by 8s to 64 (8²)", "videoSearchTerms": ["montessori short chain of 8"]}, {"level": 8, "name": "Chain of 9", "description": "Count by 9s to 81 (9²)", "videoSearchTerms": ["montessori short chain of 9"]}, {"level": 9, "name": "Chain of 10", "description": "Count by 10s to 100 (10²)", "videoSearchTerms": ["montessori short chain of 10"]}]},
        {"id": "ma_long_chains", "name": "Long Bead Chains (Cubes)", "description": "Chains representing cubes of numbers 1-10", "ageRange": "primary_year2", "prerequisites": ["ma_short_chains"], "sequence": 2, "materials": ["Long Bead Chains (1³-10³)", "Arrow tickets", "Cube of each number"], "directAims": ["Skip counting extended", "Understanding cubes", "Large number counting"], "indirectAims": ["Patience", "Persistence", "Mathematical wonder"], "controlOfError": "Arrows don't match count", "chineseName": "蒙特梭利长串珠链", "levels": [{"level": 1, "name": "Chain of 2 Cubed", "description": "Count by 2s to 8 (2³)", "videoSearchTerms": ["montessori long chain of 2"]}, {"level": 2, "name": "Chain of 3 Cubed", "description": "Count by 3s to 27 (3³)", "videoSearchTerms": ["montessori long chain of 3"]}, {"level": 3, "name": "Chain of 4 Cubed", "description": "Count by 4s to 64 (4³)", "videoSearchTerms": ["montessori long chain of 4"]}, {"level": 4, "name": "Chain of 5 Cubed", "description": "Count by 5s to 125 (5³)", "videoSearchTerms": ["montessori long chain of 5"]}, {"level": 5, "name": "Chain of 6 Cubed", "description": "Count by 6s to 216 (6³)", "videoSearchTerms": ["montessori long chain of 6"]}, {"level": 6, "name": "Chain of 7 Cubed", "description": "Count by 7s to 343 (7³)", "videoSearchTerms": ["montessori long chain of 7"]}, {"level": 7, "name": "Chain of 8 Cubed", "description": "Count by 8s to 512 (8³)", "videoSearchTerms": ["montessori long chain of 8"]}, {"level": 8, "name": "Chain of 9 Cubed", "description": "Count by 9s to 729 (9³)", "videoSearchTerms": ["montessori long chain of 9"]}, {"level": 9, "name": "Chain of 10 Cubed", "description": "Count by 10s to 1000 (10³)", "videoSearchTerms": ["montessori long chain of 10"]}]},
        {"id": "ma_bead_cabinet", "name": "Bead Cabinet", "description": "Complete cabinet with all chains, squares, and cubes", "ageRange": "primary_year2", "prerequisites": ["ma_long_chains"], "sequence": 3, "materials": ["Bead Cabinet with all materials"], "directAims": ["Organization of mathematical materials", "Independent exploration"], "indirectAims": ["Order", "Mathematical relationships"], "controlOfError": "Materials don't fit in correct locations", "chineseName": "蒙特梭利串珠柜", "levels": [{"level": 1, "name": "Cabinet Organization", "description": "Know where each material belongs", "videoSearchTerms": ["montessori bead cabinet organization"]}]}
      ]
    },
    {
      "id": "ma_memorization",
      "name": "Memorization of Math Facts",
      "description": "Materials for memorizing basic math facts",
      "sequence": 5,
      "works": [
        {"id": "ma_addition_snake_game", "name": "Addition Snake Game", "description": "Adding colored bead bars using the snake game", "ageRange": "primary_year2", "prerequisites": ["ma_short_bead_stair"], "sequence": 1, "materials": ["Colored bead bars", "Black and white bead stair", "Golden ten-bars", "Notched card"], "directAims": ["Addition practice", "Making tens"], "indirectAims": ["Addition fact memorization"], "controlOfError": "Final count doesn't match", "chineseName": "蒙特梭利加法蛇游戏", "levels": [{"level": 1, "name": "Basic Snake", "description": "Add bead bars making tens", "videoSearchTerms": ["montessori addition snake game"]}, {"level": 2, "name": "Recording", "description": "Record addition problems", "videoSearchTerms": ["montessori snake game recording"]}]},
        {"id": "ma_subtraction_snake_game", "name": "Subtraction Snake Game", "description": "Subtracting using colored and gray bead bars", "ageRange": "primary_year2", "prerequisites": ["ma_addition_snake_game"], "sequence": 2, "materials": ["Colored bead bars", "Gray bead bars", "Black and white stair"], "directAims": ["Subtraction practice", "Taking away"], "indirectAims": ["Subtraction fact memorization"], "controlOfError": "Final count doesn't match", "chineseName": "蒙特梭利减法蛇游戏", "levels": [{"level": 1, "name": "Basic Subtraction Snake", "description": "Subtract gray from colored", "videoSearchTerms": ["montessori subtraction snake game"]}]},
        {"id": "ma_addition_strip_board", "name": "Addition Strip Board", "description": "Board with strips for addition facts", "ageRange": "primary_year2", "prerequisites": ["ma_addition_snake_game"], "sequence": 3, "materials": ["Addition Strip Board", "Blue and red strips", "Tables booklet"], "directAims": ["All addition facts 1+1 through 9+9"], "indirectAims": ["Mental math", "Fact memorization"], "controlOfError": "Strips don't align correctly", "chineseName": "蒙特梭利加法条板", "levels": [{"level": 1, "name": "Introduction", "description": "Learn to use the board", "videoSearchTerms": ["montessori addition strip board introduction"]}, {"level": 2, "name": "Addition Tables", "description": "Work through all combinations", "videoSearchTerms": ["montessori addition strip board tables"]}, {"level": 3, "name": "Recording", "description": "Record facts in booklet", "videoSearchTerms": ["montessori addition tables recording"]}]},
        {"id": "ma_addition_charts", "name": "Addition Charts (Finger Charts)", "description": "Charts for practicing and memorizing addition facts", "ageRange": "primary_year2", "prerequisites": ["ma_addition_strip_board"], "sequence": 4, "materials": ["Addition Charts 1-6"], "directAims": ["Addition fact memorization", "Speed and accuracy"], "indirectAims": ["Mental math fluency"], "controlOfError": "Answer doesn't match chart", "chineseName": "蒙特梭利加法表", "levels": [{"level": 1, "name": "Chart 1 - Full Chart", "description": "Read all addition facts", "videoSearchTerms": ["montessori addition chart 1"]}, {"level": 2, "name": "Chart 2 - Practice", "description": "Find sums using chart", "videoSearchTerms": ["montessori addition chart 2"]}, {"level": 3, "name": "Chart 3 - Blind", "description": "Recall without looking", "videoSearchTerms": ["montessori addition chart 3"]}, {"level": 4, "name": "Charts 4-6", "description": "Progressive abstraction", "videoSearchTerms": ["montessori addition charts 4 5 6"]}]},
        {"id": "ma_subtraction_strip_board", "name": "Subtraction Strip Board", "description": "Board with strips for subtraction facts", "ageRange": "primary_year2", "prerequisites": ["ma_addition_strip_board"], "sequence": 5, "materials": ["Subtraction Strip Board", "Strips", "Tables booklet"], "directAims": ["All subtraction facts"], "indirectAims": ["Mental math", "Fact memorization"], "controlOfError": "Strips don't align", "chineseName": "蒙特梭利减法条板", "levels": [{"level": 1, "name": "Introduction", "description": "Learn to use the board", "videoSearchTerms": ["montessori subtraction strip board"]}, {"level": 2, "name": "Subtraction Tables", "description": "Work through all facts", "videoSearchTerms": ["montessori subtraction tables"]}]},
        {"id": "ma_subtraction_charts", "name": "Subtraction Charts", "description": "Charts for practicing subtraction facts", "ageRange": "primary_year2", "prerequisites": ["ma_subtraction_strip_board"], "sequence": 6, "materials": ["Subtraction Charts 1-4"], "directAims": ["Subtraction fact memorization"], "indirectAims": ["Mental math fluency"], "controlOfError": "Answer doesn't match", "chineseName": "蒙特梭利减法表", "levels": [{"level": 1, "name": "Chart 1 - Full Chart", "description": "Read all subtraction facts", "videoSearchTerms": ["montessori subtraction chart 1"]}, {"level": 2, "name": "Charts 2-4", "description": "Progressive practice", "videoSearchTerms": ["montessori subtraction charts"]}]},
        {"id": "ma_multiplication_bead_board", "name": "Multiplication Bead Board", "description": "Board for learning multiplication facts", "ageRange": "primary_year2", "prerequisites": ["ma_short_chains"], "sequence": 7, "materials": ["Multiplication Bead Board", "Red beads", "Numeral cards", "Red disc"], "directAims": ["Understanding multiplication", "Times tables"], "indirectAims": ["Multiplication memorization"], "controlOfError": "Count doesn't match product", "chineseName": "蒙特梭利乘法珠板", "levels": [{"level": 1, "name": "Introduction", "description": "Learn to use the board", "videoSearchTerms": ["montessori multiplication bead board"]}, {"level": 2, "name": "Times Tables", "description": "Work through tables 1-10", "videoSearchTerms": ["montessori multiplication tables bead board"]}, {"level": 3, "name": "Recording", "description": "Record multiplication facts", "videoSearchTerms": ["montessori multiplication recording"]}]},
        {"id": "ma_multiplication_charts", "name": "Multiplication Charts", "description": "Charts for multiplication fact memorization", "ageRange": "primary_year2", "prerequisites": ["ma_multiplication_bead_board"], "sequence": 8, "materials": ["Multiplication Charts 1-5"], "directAims": ["Multiplication fact memorization"], "indirectAims": ["Mental math fluency"], "controlOfError": "Answer doesn't match", "chineseName": "蒙特梭利乘法表", "levels": [{"level": 1, "name": "Chart 1 - Full Chart", "description": "Read all multiplication facts", "videoSearchTerms": ["montessori multiplication chart 1"]}, {"level": 2, "name": "Charts 2-5", "description": "Progressive practice to memorization", "videoSearchTerms": ["montessori multiplication charts"]}]},
        {"id": "ma_unit_division_board", "name": "Unit Division Board", "description": "Board for learning division facts", "ageRange": "primary_year2", "prerequisites": ["ma_multiplication_bead_board"], "sequence": 9, "materials": ["Unit Division Board", "Green skittles", "Green beads", "Numeral cards"], "directAims": ["Understanding division", "Division facts"], "indirectAims": ["Division memorization", "Relationship to multiplication"], "controlOfError": "Distribution doesn't work out", "chineseName": "蒙特梭利除法板", "levels": [{"level": 1, "name": "Introduction", "description": "Learn to use the board", "videoSearchTerms": ["montessori division board introduction"]}, {"level": 2, "name": "Division Tables", "description": "Work through division facts", "videoSearchTerms": ["montessori division board tables"]}, {"level": 3, "name": "Recording", "description": "Record division facts", "videoSearchTerms": ["montessori division recording"]}]},
        {"id": "ma_division_charts", "name": "Division Charts", "description": "Charts for division fact memorization", "ageRange": "primary_year2", "prerequisites": ["ma_unit_division_board"], "sequence": 10, "materials": ["Division Charts 1-3"], "directAims": ["Division fact memorization"], "indirectAims": ["Mental math fluency"], "controlOfError": "Answer doesn't match", "chineseName": "蒙特梭利除法表", "levels": [{"level": 1, "name": "Chart 1 - Full Chart", "description": "Read all division facts", "videoSearchTerms": ["montessori division chart 1"]}, {"level": 2, "name": "Charts 2-3", "description": "Practice to memorization", "videoSearchTerms": ["montessori division charts"]}]}
      ]
    },
    {
      "id": "ma_operations_abstract",
      "name": "Passage to Abstraction",
      "description": "Materials bridging from concrete to abstract operations",
      "sequence": 6,
      "works": [
        {"id": "ma_stamp_game", "name": "Stamp Game", "description": "Colored stamps representing place value for all operations", "ageRange": "primary_year2", "prerequisites": ["ma_golden_beads_addition"], "sequence": 1, "materials": ["Stamp Game box with colored stamps", "Skittles for division"], "directAims": ["Abstract operations with symbolic materials"], "indirectAims": ["Bridge to pencil and paper"], "controlOfError": "Result incorrect", "chineseName": "蒙特梭利邮票游戏", "levels": [{"level": 1, "name": "Static Addition", "description": "Add without exchanging", "videoSearchTerms": ["montessori stamp game addition static"]}, {"level": 2, "name": "Dynamic Addition", "description": "Add with exchanging", "videoSearchTerms": ["montessori stamp game addition dynamic"]}, {"level": 3, "name": "Static Subtraction", "description": "Subtract without exchanging", "videoSearchTerms": ["montessori stamp game subtraction static"]}, {"level": 4, "name": "Dynamic Subtraction", "description": "Subtract with exchanging", "videoSearchTerms": ["montessori stamp game subtraction dynamic"]}, {"level": 5, "name": "Multiplication", "description": "Multiply with stamps", "videoSearchTerms": ["montessori stamp game multiplication"]}, {"level": 6, "name": "Division", "description": "Divide with stamps and skittles", "videoSearchTerms": ["montessori stamp game division"]}]},
        {"id": "ma_dot_game", "name": "Dot Game", "description": "Transition from stamps to written numerals", "ageRange": "primary_year2", "prerequisites": ["ma_stamp_game"], "sequence": 2, "materials": ["Dot Game paper", "Colored pencils"], "directAims": ["Recording operations with dots and numerals"], "indirectAims": ["Preparation for written algorithms"], "controlOfError": "Result doesn't match", "chineseName": "蒙特梭利点游戏", "levels": [{"level": 1, "name": "Addition", "description": "Record addition with dots", "videoSearchTerms": ["montessori dot game addition"]}, {"level": 2, "name": "Subtraction", "description": "Record subtraction with dots", "videoSearchTerms": ["montessori dot game subtraction"]}, {"level": 3, "name": "Multiplication", "description": "Record multiplication", "videoSearchTerms": ["montessori dot game multiplication"]}]},
        {"id": "ma_small_bead_frame", "name": "Small Bead Frame", "description": "Abacus-style frame with 4 wires (units to thousands)", "ageRange": "primary_year3", "prerequisites": ["ma_stamp_game"], "sequence": 3, "materials": ["Small Bead Frame (4 wires)", "Paper for recording"], "directAims": ["Operations with hierarchical material", "Place value reinforcement"], "indirectAims": ["Bridge to large bead frame"], "controlOfError": "Beads don't match written numeral", "chineseName": "蒙特梭利小算盘", "levels": [{"level": 1, "name": "Introduction", "description": "Learn to read and form numbers", "videoSearchTerms": ["montessori small bead frame introduction"]}, {"level": 2, "name": "Static Addition", "description": "Add without carrying", "videoSearchTerms": ["montessori small bead frame addition static"]}, {"level": 3, "name": "Dynamic Addition", "description": "Add with carrying", "videoSearchTerms": ["montessori small bead frame addition dynamic"]}, {"level": 4, "name": "Static Subtraction", "description": "Subtract without borrowing", "videoSearchTerms": ["montessori small bead frame subtraction static"]}, {"level": 5, "name": "Dynamic Subtraction", "description": "Subtract with borrowing", "videoSearchTerms": ["montessori small bead frame subtraction dynamic"]}, {"level": 6, "name": "Multiplication", "description": "Multiply on bead frame", "videoSearchTerms": ["montessori small bead frame multiplication"]}]},
        {"id": "ma_large_bead_frame", "name": "Large Bead Frame", "description": "Abacus with 7 wires (units to millions)", "ageRange": "primary_year3", "prerequisites": ["ma_small_bead_frame"], "sequence": 4, "materials": ["Large Bead Frame (7 wires)", "Paper for recording"], "directAims": ["Operations with large numbers", "Understanding millions"], "indirectAims": ["Advanced calculation"], "controlOfError": "Result incorrect", "chineseName": "蒙特梭利大算盘", "levels": [{"level": 1, "name": "Introduction", "description": "Form and read large numbers", "videoSearchTerms": ["montessori large bead frame introduction"]}, {"level": 2, "name": "Addition", "description": "Add large numbers", "videoSearchTerms": ["montessori large bead frame addition"]}, {"level": 3, "name": "Subtraction", "description": "Subtract large numbers", "videoSearchTerms": ["montessori large bead frame subtraction"]}, {"level": 4, "name": "Multiplication", "description": "Long multiplication", "videoSearchTerms": ["montessori large bead frame multiplication"]}]},
        {"id": "ma_checkerboard", "name": "Checkerboard (Multiplication)", "description": "Board for multi-digit multiplication", "ageRange": "primary_year3", "prerequisites": ["ma_large_bead_frame"], "sequence": 5, "materials": ["Checkerboard", "Bead bars", "Number tiles"], "directAims": ["Multi-digit multiplication", "Partial products"], "indirectAims": ["Algorithm understanding"], "controlOfError": "Product incorrect", "chineseName": "蒙特梭利棋盘乘法", "levels": [{"level": 1, "name": "Introduction", "description": "Multiplier by single digit", "videoSearchTerms": ["montessori checkerboard multiplication introduction"]}, {"level": 2, "name": "Two-Digit Multiplier", "description": "Multiply by 2-digit number", "videoSearchTerms": ["montessori checkerboard two digit multiplier"]}, {"level": 3, "name": "Three-Digit Multiplier", "description": "Complex multiplication", "videoSearchTerms": ["montessori checkerboard three digit"]}]},
        {"id": "ma_racks_tubes", "name": "Racks and Tubes (Long Division)", "description": "Material for long division", "ageRange": "primary_year3", "prerequisites": ["ma_stamp_game"], "sequence": 6, "materials": ["Test Tube Division Material", "Racks", "Beads", "Skittles"], "directAims": ["Long division process", "Multi-digit division"], "indirectAims": ["Division algorithm"], "controlOfError": "Quotient incorrect", "chineseName": "蒙特梭利试管除法", "levels": [{"level": 1, "name": "Single-Digit Divisor", "description": "Divide by 1-digit number", "videoSearchTerms": ["montessori racks tubes division"]}, {"level": 2, "name": "Two-Digit Divisor", "description": "Divide by 2-digit number", "videoSearchTerms": ["montessori racks tubes two digit divisor"]}]}
      ]
    },
    {
      "id": "ma_fractions",
      "name": "Fractions",
      "description": "Introduction to fractions",
      "sequence": 7,
      "works": [
        {"id": "ma_fraction_circles", "name": "Fraction Insets (Metal or Plastic)", "description": "Circle insets divided into fractions", "ageRange": "primary_year2", "prerequisites": ["ma_golden_beads_division"], "sequence": 1, "materials": ["Fraction Insets (1 whole through 1/10)"], "directAims": ["Understanding fractions as parts of whole", "Fraction vocabulary"], "indirectAims": ["Preparation for fraction operations"], "controlOfError": "Pieces don't fit", "chineseName": "蒙特梭利分数嵌板", "levels": [{"level": 1, "name": "Introduction", "description": "Name fractions: whole, halves, thirds...", "videoSearchTerms": ["montessori fraction circles introduction"]}, {"level": 2, "name": "Equivalence", "description": "Discover equivalent fractions", "videoSearchTerms": ["montessori fraction equivalence"]}, {"level": 3, "name": "Comparison", "description": "Compare fractions", "videoSearchTerms": ["montessori fraction comparison"]}]},
        {"id": "ma_fraction_addition", "name": "Fraction Addition", "description": "Adding fractions with insets", "ageRange": "primary_year3", "prerequisites": ["ma_fraction_circles"], "sequence": 2, "materials": ["Fraction Insets", "Paper for recording"], "directAims": ["Adding fractions with same denominator"], "indirectAims": ["Fraction operation understanding"], "controlOfError": "Sum incorrect", "chineseName": "蒙特梭利分数加法", "levels": [{"level": 1, "name": "Same Denominator", "description": "Add fractions with same denominator", "videoSearchTerms": ["montessori fraction addition same denominator"]}, {"level": 2, "name": "Different Denominators", "description": "Finding common denominators", "videoSearchTerms": ["montessori fraction addition different denominators"]}]},
        {"id": "ma_fraction_subtraction", "name": "Fraction Subtraction", "description": "Subtracting fractions with insets", "ageRange": "primary_year3", "prerequisites": ["ma_fraction_addition"], "sequence": 3, "materials": ["Fraction Insets", "Paper"], "directAims": ["Subtracting fractions"], "indirectAims": ["Fraction operation understanding"], "controlOfError": "Difference incorrect", "chineseName": "蒙特梭利分数减法", "levels": [{"level": 1, "name": "Same Denominator", "description": "Subtract with same denominator", "videoSearchTerms": ["montessori fraction subtraction"]}, {"level": 2, "name": "Different Denominators", "description": "With common denominators", "videoSearchTerms": ["montessori fraction subtraction different denominators"]}]},
        {"id": "ma_fraction_multiplication", "name": "Fraction Multiplication", "description": "Multiplying fractions", "ageRange": "primary_year3", "prerequisites": ["ma_fraction_subtraction"], "sequence": 4, "materials": ["Fraction Insets", "Paper"], "directAims": ["Multiplying fractions by whole numbers and fractions"], "indirectAims": ["Advanced fraction understanding"], "controlOfError": "Product incorrect", "chineseName": "蒙特梭利分数乘法", "levels": [{"level": 1, "name": "By Whole Number", "description": "Fraction times whole number", "videoSearchTerms": ["montessori fraction multiplication whole number"]}, {"level": 2, "name": "By Fraction", "description": "Fraction times fraction", "videoSearchTerms": ["montessori fraction multiplication"]}]},
        {"id": "ma_fraction_division", "name": "Fraction Division", "description": "Dividing fractions", "ageRange": "primary_year3", "prerequisites": ["ma_fraction_multiplication"], "sequence": 5, "materials": ["Fraction Insets", "Paper"], "directAims": ["Dividing fractions"], "indirectAims": ["Complete fraction operations"], "controlOfError": "Quotient incorrect", "chineseName": "蒙特梭利分数除法", "levels": [{"level": 1, "name": "By Whole Number", "description": "Fraction divided by whole number", "videoSearchTerms": ["montessori fraction division whole number"]}, {"level": 2, "name": "By Fraction", "description": "Fraction divided by fraction", "videoSearchTerms": ["montessori fraction division"]}]},
        {"id": "ma_fraction_skittles", "name": "Fraction Skittles", "description": "3D fraction material connecting to division", "ageRange": "primary_year3", "prerequisites": ["ma_fraction_circles"], "sequence": 6, "materials": ["Fraction Skittles"], "directAims": ["Connection between fractions and division", "Visual fraction representation"], "indirectAims": ["Conceptual understanding"], "controlOfError": "Skittles don't represent correctly", "chineseName": "蒙特梭利分数保龄球", "levels": [{"level": 1, "name": "Division as Fractions", "description": "Connect 1÷2 to 1/2", "videoSearchTerms": ["montessori fraction skittles"]}]}
      ]
    },
    {
      "id": "ma_geometry_intro",
      "name": "Introduction to Geometry",
      "description": "Basic geometry concepts",
      "sequence": 8,
      "works": [
        {"id": "ma_geometry_sticks", "name": "Geometry Sticks", "description": "Colored sticks for making shapes", "ageRange": "primary_year2", "prerequisites": [], "sequence": 1, "materials": ["Box of geometry sticks in different lengths"], "directAims": ["Constructing geometric figures", "Understanding sides and vertices"], "indirectAims": ["Geometry vocabulary"], "controlOfError": "Shapes don't close", "chineseName": "蒙特梭利几何棒", "levels": [{"level": 1, "name": "Triangles", "description": "Construct various triangles", "videoSearchTerms": ["montessori geometry sticks triangles"]}, {"level": 2, "name": "Quadrilaterals", "description": "Construct 4-sided figures", "videoSearchTerms": ["montessori geometry sticks quadrilaterals"]}, {"level": 3, "name": "Other Polygons", "description": "Pentagon, hexagon, etc.", "videoSearchTerms": ["montessori geometry sticks polygons"]}]},
        {"id": "ma_classified_nomenclature", "name": "Geometry Nomenclature", "description": "Cards for geometry vocabulary", "ageRange": "primary_year2", "prerequisites": [], "sequence": 2, "materials": ["Geometry nomenclature cards"], "directAims": ["Geometry vocabulary", "Classification"], "indirectAims": ["Reading", "Order"], "controlOfError": "Cards don't match", "chineseName": "蒙特梭利几何命名卡", "levels": [{"level": 1, "name": "Lines", "description": "Types of lines vocabulary", "videoSearchTerms": ["montessori geometry nomenclature lines"]}, {"level": 2, "name": "Angles", "description": "Types of angles", "videoSearchTerms": ["montessori geometry nomenclature angles"]}, {"level": 3, "name": "Triangles", "description": "Triangle types by sides and angles", "videoSearchTerms": ["montessori geometry nomenclature triangles"]}, {"level": 4, "name": "Quadrilaterals", "description": "Quadrilateral classification", "videoSearchTerms": ["montessori geometry nomenclature quadrilaterals"]}]},
        {"id": "ma_area_introduction", "name": "Introduction to Area", "description": "Understanding area with insets", "ageRange": "primary_year3", "prerequisites": ["ma_geometry_sticks"], "sequence": 3, "materials": ["Yellow triangles for area", "Geometry insets"], "directAims": ["Understanding area as covered space"], "indirectAims": ["Preparation for area formulas"], "controlOfError": "Triangles don't cover shapes", "chineseName": "蒙特梭利面积介绍", "levels": [{"level": 1, "name": "Rectangle Area", "description": "Area of rectangles", "videoSearchTerms": ["montessori area rectangle"]}, {"level": 2, "name": "Triangle Area", "description": "Area of triangles", "videoSearchTerms": ["montessori area triangle"]}, {"level": 3, "name": "Other Shapes", "description": "Area of other polygons", "videoSearchTerms": ["montessori area polygons"]}]}
      ]
    },
    {
      "id": "ma_time_money",
      "name": "Time and Money",
      "description": "Practical math applications",
      "sequence": 9,
      "works": [
        {"id": "ma_clock", "name": "Clock Work", "description": "Learning to tell time", "ageRange": "primary_year2", "prerequisites": ["ma_cards_counters"], "sequence": 1, "materials": ["Learning clock", "Time cards"], "directAims": ["Telling time", "Hour and minute hands"], "indirectAims": ["Time awareness", "Skip counting by 5s"], "controlOfError": "Time doesn't match cards", "chineseName": "蒙特梭利时钟", "levels": [{"level": 1, "name": "Hour Hand Only", "description": "Read hours on the clock", "videoSearchTerms": ["montessori clock hours"]}, {"level": 2, "name": "Half Hours", "description": "Read half past times", "videoSearchTerms": ["montessori clock half hours"]}, {"level": 3, "name": "Quarter Hours", "description": "Quarter past and quarter to", "videoSearchTerms": ["montessori clock quarter hours"]}, {"level": 4, "name": "Five-Minute Intervals", "description": "Read all 5-minute times", "videoSearchTerms": ["montessori clock five minutes"]}, {"level": 5, "name": "Minute Hand", "description": "Read exact minutes", "videoSearchTerms": ["montessori clock minutes"]}]},
        {"id": "ma_money", "name": "Money Work", "description": "Learning about currency", "ageRange": "primary_year2", "prerequisites": ["ma_golden_beads_intro"], "sequence": 2, "materials": ["Play money or real coins", "Price tags", "Shop materials"], "directAims": ["Coin recognition", "Making change"], "indirectAims": ["Real-world math", "Addition/subtraction practice"], "controlOfError": "Change incorrect", "chineseName": "蒙特梭利货币", "levels": [{"level": 1, "name": "Coin Recognition", "description": "Name and value coins", "videoSearchTerms": ["montessori money coins"]}, {"level": 2, "name": "Counting Money", "description": "Count mixed coins", "videoSearchTerms": ["montessori counting money"]}, {"level": 3, "name": "Making Change", "description": "Calculate change", "videoSearchTerms": ["montessori making change"]}, {"level": 4, "name": "Shop Game", "description": "Buy and sell with money", "videoSearchTerms": ["montessori shop game money"]}]},
        {"id": "ma_calendar", "name": "Calendar Work", "description": "Understanding dates and calendar", "ageRange": "primary_year1", "prerequisites": [], "sequence": 3, "materials": ["Calendar", "Date cards"], "directAims": ["Days, weeks, months", "Reading calendar"], "indirectAims": ["Time concepts", "Sequencing"], "controlOfError": "Dates don't match", "chineseName": "蒙特梭利日历", "levels": [{"level": 1, "name": "Days of Week", "description": "Learn day names in order", "videoSearchTerms": ["montessori calendar days"]}, {"level": 2, "name": "Months of Year", "description": "Learn month names in order", "videoSearchTerms": ["montessori calendar months"]}, {"level": 3, "name": "Reading Dates", "description": "Find dates on calendar", "videoSearchTerms": ["montessori reading calendar"]}]}
      ]
    }
  ]
}
