{
  "id": "practical_life",
  "name": "Practical Life",
  "description": "Activities that develop coordination, concentration, independence, and order through real-life tasks",
  "color": "#4CAF50",
  "icon": "🌱",
  "sequence": 1,
  "categories": [
    {
      "id": "pl_preliminary",
      "name": "Preliminary Exercises",
      "description": "Foundation movements that prepare for all other practical life work",
      "sequence": 1,
      "works": [
        {"id": "pl_carrying_mat", "name": "Carrying a Mat", "description": "Learning to carry, unroll, and roll a work mat properly", "ageRange": "primary_year1", "prerequisites": [], "sequence": 1, "materials": ["Work mat"], "directAims": ["Coordination", "Independence"], "indirectAims": ["Preparation for other works", "Respect for materials"], "controlOfError": "Mat drags on floor or unrolls", "chineseName": "蒙特梭利工作毯", "levels": [{"level": 1, "name": "Basic Mat Carrying", "description": "Carry mat horizontally with both hands", "videoSearchTerms": ["montessori carrying mat presentation"]}, {"level": 2, "name": "Unrolling and Rolling", "description": "Properly unroll and roll up mat", "videoSearchTerms": ["montessori rolling mat"]}]},
        {"id": "pl_carrying_chair", "name": "Carrying a Chair", "description": "Learning to lift, carry, and place a chair quietly", "ageRange": "primary_year1", "prerequisites": [], "sequence": 2, "materials": ["Child-sized chair"], "directAims": ["Coordination", "Control of movement"], "indirectAims": ["Care of environment", "Consideration for others"], "controlOfError": "Chair makes noise or hits objects", "chineseName": "蒙特梭利椅子", "levels": [{"level": 1, "name": "Lifting Chair", "description": "Lift chair by back and seat", "videoSearchTerms": ["montessori carrying chair"]}, {"level": 2, "name": "Placing Silently", "description": "Place chair without sound", "videoSearchTerms": ["montessori chair placement quiet"]}]},
        {"id": "pl_carrying_tray", "name": "Carrying a Tray", "description": "Carrying a tray with objects balanced and stable", "ageRange": "primary_year1", "prerequisites": [], "sequence": 3, "materials": ["Small tray", "Various objects"], "directAims": ["Balance", "Coordination"], "indirectAims": ["Concentration", "Care of materials"], "controlOfError": "Objects fall or slide", "chineseName": "蒙特梭利托盘", "levels": [{"level": 1, "name": "Empty Tray", "description": "Carry empty tray with proper grip", "videoSearchTerms": ["montessori carrying tray"]}, {"level": 2, "name": "Tray with Light Objects", "description": "Carry with lightweight objects", "videoSearchTerms": ["montessori tray carrying objects"]}, {"level": 3, "name": "Tray with Fragile Objects", "description": "Carry tray with glass or breakable items", "videoSearchTerms": ["montessori tray fragile objects"]}]},
        {"id": "pl_carrying_table", "name": "Carrying a Table", "description": "Two children carrying a table together", "ageRange": "primary_year1", "prerequisites": ["pl_carrying_chair"], "sequence": 4, "materials": ["Child-sized table"], "directAims": ["Coordination", "Cooperation"], "indirectAims": ["Teamwork", "Communication"], "controlOfError": "Table tilts or makes noise", "chineseName": "蒙特梭利桌子搬运", "levels": [{"level": 1, "name": "Basic Table Carrying", "description": "Two children carry table together", "videoSearchTerms": ["montessori carrying table"]}]},
        {"id": "pl_opening_closing_door", "name": "Opening and Closing a Door", "description": "Proper technique for doors", "ageRange": "primary_year1", "prerequisites": [], "sequence": 5, "materials": ["Door"], "directAims": ["Coordination", "Independence"], "indirectAims": ["Courtesy", "Awareness of others"], "controlOfError": "Door slams or hits someone", "chineseName": "蒙特梭利开关门", "levels": [{"level": 1, "name": "Opening Door", "description": "Open door quietly", "videoSearchTerms": ["montessori opening door"]}, {"level": 2, "name": "Closing Door", "description": "Close door silently", "videoSearchTerms": ["montessori closing door quietly"]}]},
        {"id": "pl_walking_line", "name": "Walking on the Line", "description": "Walking carefully on a line marked on the floor", "ageRange": "primary_year1", "prerequisites": ["pl_carrying_chair"], "sequence": 6, "materials": ["Tape/painted line on floor", "Various objects", "Bell", "Glass of water", "Flag", "Basket on head"], "directAims": ["Balance", "Control of movement"], "indirectAims": ["Concentration", "Self-discipline"], "controlOfError": "Stepping off the line", "chineseName": "蒙特梭利走线", "levels": [{"level": 1, "name": "Basic Walking", "description": "Walk slowly heel-to-toe on line", "videoSearchTerms": ["montessori walking on line"]}, {"level": 2, "name": "Walking with Hands Out", "description": "Arms extended for balance", "videoSearchTerms": ["montessori walking line balance"]}, {"level": 3, "name": "Walking with Flag", "description": "Carry flag while walking", "videoSearchTerms": ["montessori walking line flag"]}, {"level": 4, "name": "Walking with Bell", "description": "Carry bell without making sound", "videoSearchTerms": ["montessori walking line bell"]}, {"level": 5, "name": "Walking with Water", "description": "Carry glass of water without spilling", "videoSearchTerms": ["montessori walking line water"]}, {"level": 6, "name": "Walking with Basket on Head", "description": "Balance basket on head", "videoSearchTerms": ["montessori walking line basket head"]}, {"level": 7, "name": "Walking Backwards", "description": "Walk backwards on line", "videoSearchTerms": ["montessori walking line backwards"]}]},
        {"id": "pl_sitting_standing", "name": "Sitting and Standing at a Table", "description": "Proper way to sit down and stand up", "ageRange": "primary_year1", "prerequisites": [], "sequence": 7, "materials": ["Chair", "Table"], "directAims": ["Body awareness", "Control"], "indirectAims": ["Grace", "Courtesy"], "controlOfError": "Chair scrapes or makes noise", "chineseName": "蒙特梭利坐站礼仪", "levels": [{"level": 1, "name": "Sitting Down", "description": "Pull out chair, sit quietly", "videoSearchTerms": ["montessori sitting down properly"]}, {"level": 2, "name": "Standing Up", "description": "Push in chair, stand quietly", "videoSearchTerms": ["montessori standing up chair"]}]},
        {"id": "pl_silence_game", "name": "The Silence Game", "description": "Group activity to practice being completely still and silent", "ageRange": "primary_year1", "prerequisites": ["pl_walking_line"], "sequence": 8, "materials": ["Silence board/sign"], "directAims": ["Self-control", "Awareness"], "indirectAims": ["Concentration", "Community building", "Inner peace"], "controlOfError": "Making any sound", "chineseName": "蒙特梭利安静游戏", "levels": [{"level": 1, "name": "Basic Silence", "description": "Remain silent for short periods", "videoSearchTerms": ["montessori silence game"]}, {"level": 2, "name": "Extended Silence", "description": "Longer periods, listen for subtle sounds", "videoSearchTerms": ["montessori silence game extended"]}, {"level": 3, "name": "Whispering Names", "description": "Come when name is whispered", "videoSearchTerms": ["montessori silence game whisper names"]}]},
        {"id": "pl_turning_pages", "name": "Turning Pages of a Book", "description": "Handling books with care", "ageRange": "primary_year1", "prerequisites": [], "sequence": 9, "materials": ["Various books"], "directAims": ["Fine motor", "Care of materials"], "indirectAims": ["Love of reading", "Respect for books"], "controlOfError": "Pages tear or crumple", "chineseName": "蒙特梭利翻书页", "levels": [{"level": 1, "name": "Basic Page Turning", "description": "Turn pages one at a time", "videoSearchTerms": ["montessori turning pages book"]}]},
        {"id": "pl_folding_cloth", "name": "Folding Cloths", "description": "Folding napkins and small cloths", "ageRange": "primary_year1", "prerequisites": [], "sequence": 10, "materials": ["Napkins", "Small cloths", "Folding cloths with lines"], "directAims": ["Fine motor", "Precision"], "indirectAims": ["Order", "Preparation for math (fractions)"], "controlOfError": "Edges don't align", "chineseName": "蒙特梭利折布", "levels": [{"level": 1, "name": "Fold in Half - Horizontal", "description": "Fold cloth in half horizontally", "videoSearchTerms": ["montessori folding cloth half"]}, {"level": 2, "name": "Fold in Half - Vertical", "description": "Fold cloth in half vertically", "videoSearchTerms": ["montessori folding cloth vertical"]}, {"level": 3, "name": "Fold in Quarters", "description": "Fold into four sections", "videoSearchTerms": ["montessori folding cloth quarters"]}, {"level": 4, "name": "Diagonal Fold", "description": "Fold corner to corner", "videoSearchTerms": ["montessori folding cloth diagonal"]}, {"level": 5, "name": "Complex Folds", "description": "Multiple folds creating shapes", "videoSearchTerms": ["montessori napkin folding"]}]}
      ]
    },
    {
      "id": "pl_transfer",
      "name": "Transfer Activities",
      "description": "Moving materials from one container to another using various tools",
      "sequence": 2,
      "works": [
        {"id": "pl_dry_transfer_hand", "name": "Dry Transfer - Hands", "description": "Transferring objects using hands only", "ageRange": "primary_year1", "prerequisites": ["pl_carrying_tray"], "sequence": 1, "materials": ["Two bowls", "Large objects (cotton balls, pompoms, wooden eggs)"], "directAims": ["Hand-eye coordination", "Concentration"], "indirectAims": ["Preparation for tools", "Order"], "controlOfError": "Objects fall outside bowl", "chineseName": "蒙特梭利手抓转移", "levels": [{"level": 1, "name": "Large Objects", "description": "Transfer large cotton balls or pompoms", "videoSearchTerms": ["montessori dry transfer hands large"]}, {"level": 2, "name": "Medium Objects", "description": "Transfer wooden eggs, shells", "videoSearchTerms": ["montessori transfer medium objects"]}, {"level": 3, "name": "Small Objects", "description": "Transfer small items like beans", "videoSearchTerms": ["montessori transfer small objects hands"]}]},
        {"id": "pl_spooning", "name": "Spooning", "description": "Transferring materials using a spoon", "ageRange": "primary_year1", "prerequisites": ["pl_dry_transfer_hand"], "sequence": 2, "materials": ["Two bowls", "Spoon", "Dry materials (rice, beans, lentils)"], "directAims": ["Fine motor control", "Spoon grip"], "indirectAims": ["Preparation for self-feeding", "Concentration"], "controlOfError": "Materials spill", "chineseName": "蒙特梭利勺子转移", "levels": [{"level": 1, "name": "Large Spoon - Large Materials", "description": "Large spoon with beans/pasta", "videoSearchTerms": ["montessori spooning lesson"]}, {"level": 2, "name": "Large Spoon - Small Materials", "description": "Large spoon with rice/lentils", "videoSearchTerms": ["montessori spooning rice"]}, {"level": 3, "name": "Small Spoon - Large Materials", "description": "Teaspoon with beans", "videoSearchTerms": ["montessori small spoon transfer"]}, {"level": 4, "name": "Small Spoon - Small Materials", "description": "Teaspoon with rice/seeds", "videoSearchTerms": ["montessori spooning small spoon rice"]}]},
        {"id": "pl_tonging", "name": "Tonging", "description": "Transferring with various tongs", "ageRange": "primary_year1", "prerequisites": ["pl_spooning"], "sequence": 3, "materials": ["Two bowls", "Various tongs", "Objects to transfer"], "directAims": ["Hand strength", "Pincer grip development"], "indirectAims": ["Preparation for writing", "Concentration"], "controlOfError": "Objects drop", "chineseName": "蒙特梭利夹子转移", "levels": [{"level": 1, "name": "Salad Tongs - Large", "description": "Large tongs with cotton balls", "videoSearchTerms": ["montessori tongs transfer large"]}, {"level": 2, "name": "Salad Tongs - Medium", "description": "Tongs with pompoms", "videoSearchTerms": ["montessori tongs transfer pompoms"]}, {"level": 3, "name": "Ice Cube Tongs", "description": "Smaller tongs with small objects", "videoSearchTerms": ["montessori ice cube tongs"]}, {"level": 4, "name": "Sugar Tongs", "description": "Small tongs requiring more precision", "videoSearchTerms": ["montessori sugar tongs transfer"]}, {"level": 5, "name": "Strawberry Huller", "description": "Spring-loaded tool", "videoSearchTerms": ["montessori strawberry huller transfer"]}]},
        {"id": "pl_tweezers", "name": "Tweezers Transfer", "description": "Transferring with tweezers", "ageRange": "primary_year1", "prerequisites": ["pl_tonging"], "sequence": 4, "materials": ["Two bowls", "Tweezers", "Small objects"], "directAims": ["Pincer grip", "Fine motor precision"], "indirectAims": ["Preparation for writing", "Concentration"], "controlOfError": "Objects drop", "chineseName": "蒙特梭利镊子转移", "levels": [{"level": 1, "name": "Large Tweezers", "description": "Large tweezers with beads", "videoSearchTerms": ["montessori tweezers transfer"]}, {"level": 2, "name": "Small Tweezers", "description": "Fine tweezers with tiny objects", "videoSearchTerms": ["montessori fine tweezers transfer"]}]},
        {"id": "pl_chopsticks", "name": "Chopsticks Transfer", "description": "Transferring with chopsticks", "ageRange": "primary_year2", "prerequisites": ["pl_tweezers"], "sequence": 5, "materials": ["Two bowls", "Chopsticks", "Various objects"], "directAims": ["Fine motor mastery", "Cultural awareness"], "indirectAims": ["Patience", "Persistence"], "controlOfError": "Objects drop", "chineseName": "蒙特梭利筷子转移", "levels": [{"level": 1, "name": "Training Chopsticks", "description": "Connected training chopsticks", "videoSearchTerms": ["montessori chopsticks transfer training"]}, {"level": 2, "name": "Regular Chopsticks - Large", "description": "Regular chopsticks with large items", "videoSearchTerms": ["montessori chopsticks transfer"]}, {"level": 3, "name": "Regular Chopsticks - Small", "description": "Chopsticks with small items", "videoSearchTerms": ["montessori chopsticks small objects"]}]},
        {"id": "pl_pouring_dry", "name": "Pouring Dry Materials", "description": "Pouring dry materials between pitchers", "ageRange": "primary_year1", "prerequisites": ["pl_dry_transfer_hand"], "sequence": 6, "materials": ["Two pitchers", "Dry materials", "Tray"], "directAims": ["Wrist control", "Coordination"], "indirectAims": ["Preparation for wet pouring", "Concentration"], "controlOfError": "Spilled materials", "chineseName": "蒙特梭利干倒", "levels": [{"level": 1, "name": "Large Grains", "description": "Pour large beans or pasta", "videoSearchTerms": ["montessori pouring dry large"]}, {"level": 2, "name": "Medium Grains", "description": "Pour rice or lentils", "videoSearchTerms": ["montessori pouring rice dry"]}, {"level": 3, "name": "Fine Materials", "description": "Pour sand or semolina", "videoSearchTerms": ["montessori pouring sand"]}, {"level": 4, "name": "Into Multiple Containers", "description": "Pour equally into 2-3 containers", "videoSearchTerms": ["montessori pouring multiple containers"]}]},
        {"id": "pl_pouring_water", "name": "Pouring Water", "description": "Pouring water between containers", "ageRange": "primary_year1", "prerequisites": ["pl_pouring_dry"], "sequence": 7, "materials": ["Pitchers", "Glasses", "Sponge", "Tray"], "directAims": ["Wrist control", "Concentration"], "indirectAims": ["Independence", "Self-service"], "controlOfError": "Spilled water", "chineseName": "蒙特梭利倒水", "levels": [{"level": 1, "name": "Pitcher to Pitcher", "description": "Pour between two pitchers", "videoSearchTerms": ["montessori wet pouring pitcher"]}, {"level": 2, "name": "Pitcher to Large Glass", "description": "Pour into wide glass", "videoSearchTerms": ["montessori pouring into glass"]}, {"level": 3, "name": "Pitcher to Small Glass", "description": "Pour into narrow glass", "videoSearchTerms": ["montessori pouring small glass"]}, {"level": 4, "name": "Equal Amounts - 2 Glasses", "description": "Pour equally into two glasses", "videoSearchTerms": ["montessori pouring two glasses equally"]}, {"level": 5, "name": "Equal Amounts - 3 Glasses", "description": "Pour equally into three glasses", "videoSearchTerms": ["montessori pouring three glasses"]}, {"level": 6, "name": "Pouring with Funnel", "description": "Pour through a funnel", "videoSearchTerms": ["montessori pouring funnel"]}, {"level": 7, "name": "Colored Water", "description": "Pour colored water, observe mixing", "videoSearchTerms": ["montessori colored water pouring"]}]},
        {"id": "pl_sponging", "name": "Sponging", "description": "Using sponge to transfer water", "ageRange": "primary_year1", "prerequisites": ["pl_pouring_water"], "sequence": 8, "materials": ["Two bowls", "Sponge", "Tray"], "directAims": ["Hand strength", "Coordination"], "indirectAims": ["Preparation for cleaning", "Concentration"], "controlOfError": "Water drips between bowls", "chineseName": "蒙特梭利海绵转移", "levels": [{"level": 1, "name": "Basic Sponging", "description": "Absorb and squeeze between bowls", "videoSearchTerms": ["montessori sponging lesson"]}, {"level": 2, "name": "Sponging Spills", "description": "Clean up spilled water", "videoSearchTerms": ["montessori sponging spills"]}]},
        {"id": "pl_basting", "name": "Basting (Turkey Baster)", "description": "Using a baster to transfer water", "ageRange": "primary_year1", "prerequisites": ["pl_sponging"], "sequence": 9, "materials": ["Two bowls", "Turkey baster", "Water"], "directAims": ["Hand strength", "Squeeze-release coordination"], "indirectAims": ["Scientific observation", "Cause and effect"], "controlOfError": "Water drips", "chineseName": "蒙特梭利滴管大", "levels": [{"level": 1, "name": "Basic Basting", "description": "Squeeze, fill, release", "videoSearchTerms": ["montessori turkey baster transfer"]}]},
        {"id": "pl_dropper", "name": "Eye Dropper", "description": "Using eye dropper for precise transfer", "ageRange": "primary_year1", "prerequisites": ["pl_basting"], "sequence": 10, "materials": ["Eye dropper", "Small containers", "Ice cube tray", "Colored water"], "directAims": ["Fine motor precision", "Hand strength"], "indirectAims": ["Preparation for writing", "Scientific skills"], "controlOfError": "Drops miss container", "chineseName": "蒙特梭利滴管", "levels": [{"level": 1, "name": "Bowl to Bowl", "description": "Transfer drop by drop", "videoSearchTerms": ["montessori eye dropper transfer"]}, {"level": 2, "name": "Into Ice Cube Tray", "description": "Fill each compartment", "videoSearchTerms": ["montessori dropper ice cube tray"]}, {"level": 3, "name": "Color Mixing", "description": "Mix colors using droppers", "videoSearchTerms": ["montessori dropper color mixing"]}]}
      ]
    },
    {
      "id": "pl_dressing",
      "name": "Dressing Frames",
      "description": "Frames that isolate different fastening skills for independence in dressing",
      "sequence": 3,
      "works": [
        {"id": "pl_frame_velcro", "name": "Velcro Frame", "description": "Easiest fastening to start with", "ageRange": "primary_year1", "prerequisites": [], "sequence": 1, "materials": ["Velcro dressing frame"], "directAims": ["Independence in dressing", "Fine motor"], "indirectAims": ["Concentration", "Sequencing"], "controlOfError": "Fabric doesn't close flat", "chineseName": "蒙特梭利魔术贴框", "levels": [{"level": 1, "name": "Opening and Closing", "description": "Separate and attach velcro strips", "videoSearchTerms": ["montessori velcro dressing frame"]}]},
        {"id": "pl_frame_snaps", "name": "Snaps Frame", "description": "Press studs/snap fasteners", "ageRange": "primary_year1", "prerequisites": ["pl_frame_velcro"], "sequence": 2, "materials": ["Snaps dressing frame"], "directAims": ["Pinching strength", "Fine motor"], "indirectAims": ["Concentration", "Persistence"], "controlOfError": "Snaps don't align", "chineseName": "蒙特梭利按扣框", "levels": [{"level": 1, "name": "Opening and Closing", "description": "Pop open and snap closed", "videoSearchTerms": ["montessori snap dressing frame"]}]},
        {"id": "pl_frame_large_buttons", "name": "Large Buttons Frame", "description": "Large button fastening", "ageRange": "primary_year1", "prerequisites": ["pl_frame_snaps"], "sequence": 3, "materials": ["Large buttons dressing frame"], "directAims": ["Buttoning skill", "Bilateral coordination"], "indirectAims": ["Independence", "Fine motor"], "controlOfError": "Buttons misaligned", "chineseName": "蒙特梭利大纽扣框", "levels": [{"level": 1, "name": "Unbuttoning", "description": "Open all buttons", "videoSearchTerms": ["montessori large button frame unbuttoning"]}, {"level": 2, "name": "Buttoning", "description": "Close all buttons", "videoSearchTerms": ["montessori large button dressing frame"]}]},
        {"id": "pl_frame_small_buttons", "name": "Small Buttons Frame", "description": "Small button fastening", "ageRange": "primary_year1", "prerequisites": ["pl_frame_large_buttons"], "sequence": 4, "materials": ["Small buttons dressing frame"], "directAims": ["Fine motor precision", "Patience"], "indirectAims": ["Independence in dressing"], "controlOfError": "Buttons misaligned", "chineseName": "蒙特梭利小纽扣框", "levels": [{"level": 1, "name": "Unbuttoning", "description": "Open small buttons", "videoSearchTerms": ["montessori small button frame"]}, {"level": 2, "name": "Buttoning", "description": "Close small buttons", "videoSearchTerms": ["montessori small buttons dressing frame"]}]},
        {"id": "pl_frame_zipper", "name": "Zipper Frame", "description": "Separating and non-separating zippers", "ageRange": "primary_year1", "prerequisites": ["pl_frame_snaps"], "sequence": 5, "materials": ["Zipper dressing frames"], "directAims": ["Zipper manipulation", "Bilateral coordination"], "indirectAims": ["Independence", "Dressing self"], "controlOfError": "Zipper gets stuck", "chineseName": "蒙特梭利拉链框", "levels": [{"level": 1, "name": "Non-Separating Zipper", "description": "Zip up and down", "videoSearchTerms": ["montessori zipper frame"]}, {"level": 2, "name": "Separating Zipper", "description": "Connect and separate zipper", "videoSearchTerms": ["montessori separating zipper frame"]}]},
        {"id": "pl_frame_hook_eye", "name": "Hook and Eye Frame", "description": "Hook and eye fasteners", "ageRange": "primary_year1", "prerequisites": ["pl_frame_small_buttons"], "sequence": 6, "materials": ["Hook and eye dressing frame"], "directAims": ["Fine motor precision", "Visual-motor coordination"], "indirectAims": ["Patience", "Persistence"], "controlOfError": "Hooks don't catch", "chineseName": "蒙特梭利钩眼框", "levels": [{"level": 1, "name": "Opening and Closing", "description": "Hook and unhook fasteners", "videoSearchTerms": ["montessori hook eye dressing frame"]}]},
        {"id": "pl_frame_buckles", "name": "Buckles Frame", "description": "Belt buckle fastening", "ageRange": "primary_year1", "prerequisites": ["pl_frame_zipper"], "sequence": 7, "materials": ["Buckles dressing frame"], "directAims": ["Buckle manipulation", "Threading skill"], "indirectAims": ["Independence", "Fine motor"], "controlOfError": "Buckle doesn't fasten", "chineseName": "蒙特梭利皮带扣框", "levels": [{"level": 1, "name": "Opening and Closing", "description": "Thread and fasten buckles", "videoSearchTerms": ["montessori buckle dressing frame"]}]},
        {"id": "pl_frame_safety_pins", "name": "Safety Pins Frame", "description": "Safety pin fastening", "ageRange": "primary_year2", "prerequisites": ["pl_frame_hook_eye"], "sequence": 8, "materials": ["Safety pins dressing frame"], "directAims": ["Fine motor precision", "Safety awareness"], "indirectAims": ["Caution", "Concentration"], "controlOfError": "Pin doesn't close properly", "chineseName": "蒙特梭利安全别针框", "levels": [{"level": 1, "name": "Opening and Closing", "description": "Open, thread, close safety pins", "videoSearchTerms": ["montessori safety pin dressing frame"]}]},
        {"id": "pl_frame_lacing", "name": "Lacing Frame", "description": "Threading laces through eyelets", "ageRange": "primary_year1", "prerequisites": ["pl_frame_large_buttons"], "sequence": 9, "materials": ["Lacing dressing frame"], "directAims": ["Lacing skill", "Bilateral coordination"], "indirectAims": ["Preparation for shoe tying", "Sequencing"], "controlOfError": "Laces don't align", "chineseName": "蒙特梭利穿孔框", "levels": [{"level": 1, "name": "Basic Lacing", "description": "Lace through all holes", "videoSearchTerms": ["montessori lacing dressing frame"]}]},
        {"id": "pl_frame_bow_tying", "name": "Bow Tying Frame", "description": "Tying bows", "ageRange": "primary_year2", "prerequisites": ["pl_frame_lacing"], "sequence": 10, "materials": ["Bow tying dressing frame"], "directAims": ["Bow tying skill", "Bilateral coordination"], "indirectAims": ["Independence", "Fine motor mastery"], "controlOfError": "Bow doesn't hold", "chineseName": "蒙特梭利蝴蝶结框", "levels": [{"level": 1, "name": "Tying a Bow", "description": "Tie ribbon into bow", "videoSearchTerms": ["montessori bow tying dressing frame"]}]},
        {"id": "pl_shoe_polishing", "name": "Shoe Polishing", "description": "Complete shoe care routine", "ageRange": "primary_year1", "prerequisites": ["pl_frame_lacing"], "sequence": 11, "materials": ["Shoes", "Polish", "Brushes", "Cloth", "Newspaper", "Apron"], "directAims": ["Care of belongings", "Sequencing"], "indirectAims": ["Pride in appearance", "Responsibility"], "controlOfError": "Shoes not shiny", "chineseName": "蒙特梭利擦鞋", "levels": [{"level": 1, "name": "Basic Shoe Polishing", "description": "Apply polish, brush, buff", "videoSearchTerms": ["montessori shoe polishing"]}]},
        {"id": "pl_braiding", "name": "Braiding Frame", "description": "Three-strand braiding", "ageRange": "primary_year2", "prerequisites": ["pl_frame_bow_tying"], "sequence": 12, "materials": ["Braiding frame with ribbons or rope"], "directAims": ["Braiding skill", "Pattern following"], "indirectAims": ["Fine motor", "Patience"], "controlOfError": "Braid uneven or loose", "chineseName": "蒙特梭利编织框", "levels": [{"level": 1, "name": "Basic Three-Strand Braid", "description": "Weave three strands", "videoSearchTerms": ["montessori braiding frame"]}]}
      ]
    },
    {
      "id": "pl_care_self",
      "name": "Care of Self",
      "description": "Personal hygiene and grooming activities",
      "sequence": 4,
      "works": [
        {"id": "pl_hand_washing", "name": "Hand Washing", "description": "Complete hand washing procedure", "ageRange": "primary_year1", "prerequisites": ["pl_pouring_water"], "sequence": 1, "materials": ["Basin", "Pitcher", "Soap", "Nail brush", "Hand towel", "Apron", "Bucket for dirty water"], "directAims": ["Hygiene", "Independence"], "indirectAims": ["Sequencing", "Concentration"], "controlOfError": "Soap residue or dirt remains", "chineseName": "蒙特梭利洗手台", "levels": [{"level": 1, "name": "Basic Hand Washing", "description": "Wet, soap, scrub, rinse, dry", "videoSearchTerms": ["montessori hand washing"]}, {"level": 2, "name": "With Nail Brush", "description": "Include nail scrubbing", "videoSearchTerms": ["montessori hand washing nail brush"]}]},
        {"id": "pl_face_washing", "name": "Face Washing", "description": "Washing and drying face", "ageRange": "primary_year1", "prerequisites": ["pl_hand_washing"], "sequence": 2, "materials": ["Basin", "Pitcher", "Washcloth", "Towel", "Mirror"], "directAims": ["Hygiene", "Independence"], "indirectAims": ["Self-care routine"], "controlOfError": "Mirror shows if clean", "chineseName": "蒙特梭利洗脸", "levels": [{"level": 1, "name": "Basic Face Washing", "description": "Wet cloth, wash face, dry", "videoSearchTerms": ["montessori face washing"]}]},
        {"id": "pl_teeth_brushing", "name": "Teeth Brushing", "description": "Proper teeth brushing technique", "ageRange": "primary_year1", "prerequisites": ["pl_hand_washing"], "sequence": 3, "materials": ["Toothbrush", "Toothpaste", "Cup", "Mirror", "Timer (optional)"], "directAims": ["Dental hygiene", "Independence"], "indirectAims": ["Health awareness", "Routine building"], "controlOfError": "Taste indicates rinsing complete", "chineseName": "蒙特梭利刷牙", "levels": [{"level": 1, "name": "Basic Teeth Brushing", "description": "Brush all surfaces, rinse", "videoSearchTerms": ["montessori teeth brushing"]}]},
        {"id": "pl_nose_blowing", "name": "Nose Blowing", "description": "Using tissue properly", "ageRange": "primary_year1", "prerequisites": [], "sequence": 4, "materials": ["Tissues", "Waste basket", "Mirror"], "directAims": ["Hygiene", "Independence"], "indirectAims": ["Health awareness"], "controlOfError": "Mirror shows clean nose", "chineseName": "蒙特梭利擤鼻涕", "levels": [{"level": 1, "name": "Basic Nose Blowing", "description": "Take tissue, blow, dispose", "videoSearchTerms": ["montessori nose blowing"]}]},
        {"id": "pl_coughing_sneezing", "name": "Covering Coughs and Sneezes", "description": "Polite way to cough/sneeze", "ageRange": "primary_year1", "prerequisites": [], "sequence": 5, "materials": [], "directAims": ["Hygiene", "Courtesy"], "indirectAims": ["Social awareness"], "controlOfError": "Social feedback", "chineseName": "蒙特梭利咳嗽喷嚏礼仪", "levels": [{"level": 1, "name": "Covering with Elbow", "description": "Cough/sneeze into elbow", "videoSearchTerms": ["montessori coughing sneezing elbow"]}]},
        {"id": "pl_hair_brushing", "name": "Hair Brushing/Combing", "description": "Grooming hair independently", "ageRange": "primary_year1", "prerequisites": [], "sequence": 6, "materials": ["Brush", "Comb", "Mirror"], "directAims": ["Grooming", "Independence"], "indirectAims": ["Self-awareness", "Care of appearance"], "controlOfError": "Mirror shows result", "chineseName": "蒙特梭利梳头", "levels": [{"level": 1, "name": "Basic Hair Brushing", "description": "Brush hair using mirror", "videoSearchTerms": ["montessori hair brushing"]}]},
        {"id": "pl_hair_washing", "name": "Hair Washing", "description": "Washing hair (doll first, then self)", "ageRange": "primary_year2", "prerequisites": ["pl_hand_washing", "pl_hair_brushing"], "sequence": 7, "materials": ["Basin", "Pitcher", "Shampoo", "Towel", "Doll with hair"], "directAims": ["Hygiene", "Sequencing"], "indirectAims": ["Independence", "Self-care"], "controlOfError": "Hair feels clean", "chineseName": "蒙特梭利洗头", "levels": [{"level": 1, "name": "Doll Hair Washing", "description": "Practice on doll", "videoSearchTerms": ["montessori doll hair washing"]}, {"level": 2, "name": "Self Hair Washing", "description": "Wash own hair", "videoSearchTerms": ["montessori hair washing child"]}]},
        {"id": "pl_dressing_self", "name": "Dressing Oneself", "description": "Putting on and removing clothing", "ageRange": "primary_year1", "prerequisites": ["pl_frame_velcro", "pl_frame_zipper"], "sequence": 8, "materials": ["Child's own clothing"], "directAims": ["Independence", "Self-sufficiency"], "indirectAims": ["Sequencing", "Body awareness"], "controlOfError": "Clothing inside out or backwards", "chineseName": "蒙特梭利自己穿衣", "levels": [{"level": 1, "name": "Putting On Jacket", "description": "Flip method for jacket", "videoSearchTerms": ["montessori putting on jacket flip"]}, {"level": 2, "name": "Putting On Shoes", "description": "Identify left/right, put on", "videoSearchTerms": ["montessori putting on shoes"]}, {"level": 3, "name": "Full Dressing", "description": "Complete outfit independently", "videoSearchTerms": ["montessori dressing independently"]}]}
      ]
    },
    {
      "id": "pl_care_environment",
      "name": "Care of Environment",
      "description": "Activities for maintaining the classroom and home environment",
      "sequence": 5,
      "works": [
        {"id": "pl_dusting", "name": "Dusting", "description": "Using tools to dust surfaces", "ageRange": "primary_year1", "prerequisites": ["pl_carrying_tray"], "sequence": 1, "materials": ["Duster or dusting cloth", "Basket for materials"], "directAims": ["Care of environment", "Coordination"], "indirectAims": ["Responsibility", "Order"], "controlOfError": "Dust visible on surfaces", "chineseName": "蒙特梭利掸灰", "levels": [{"level": 1, "name": "Flat Surfaces", "description": "Dust shelves and tables", "videoSearchTerms": ["montessori dusting lesson"]}, {"level": 2, "name": "Objects", "description": "Dust materials on shelves", "videoSearchTerms": ["montessori dusting objects"]}, {"level": 3, "name": "Detailed Dusting", "description": "Dust intricate objects", "videoSearchTerms": ["montessori detailed dusting"]}]},
        {"id": "pl_sweeping", "name": "Sweeping", "description": "Using broom and dustpan", "ageRange": "primary_year1", "prerequisites": ["pl_dusting"], "sequence": 2, "materials": ["Child-sized broom", "Dustpan", "Hand brush", "Waste basket"], "directAims": ["Coordination", "Care of environment"], "indirectAims": ["Responsibility", "Order"], "controlOfError": "Debris remains visible", "chineseName": "蒙特梭利扫地", "levels": [{"level": 1, "name": "Hand Brush and Pan", "description": "Sweep small area", "videoSearchTerms": ["montessori sweeping hand brush"]}, {"level": 2, "name": "Full Broom - Small Area", "description": "Sweep designated space", "videoSearchTerms": ["montessori sweeping small area"]}, {"level": 3, "name": "Full Broom - Large Area", "description": "Sweep entire floor", "videoSearchTerms": ["montessori floor sweeping"]}]},
        {"id": "pl_mopping", "name": "Mopping", "description": "Using a mop to clean floors", "ageRange": "primary_year1", "prerequisites": ["pl_sweeping", "pl_sponging"], "sequence": 3, "materials": ["Child-sized mop", "Bucket", "Water"], "directAims": ["Coordination", "Care of environment"], "indirectAims": ["Responsibility"], "controlOfError": "Floor not clean or too wet", "chineseName": "蒙特梭利拖地", "levels": [{"level": 1, "name": "Basic Mopping", "description": "Mop floor area", "videoSearchTerms": ["montessori mopping"]}]},
        {"id": "pl_table_scrubbing", "name": "Table Scrubbing", "description": "Complete table washing process", "ageRange": "primary_year1", "prerequisites": ["pl_sponging", "pl_pouring_water"], "sequence": 4, "materials": ["Table", "Basin", "Pitcher", "Soap", "Scrub brush", "Sponge", "Towel", "Apron", "Floor mat"], "directAims": ["Sequencing", "Coordination"], "indirectAims": ["Care of environment", "Concentration"], "controlOfError": "Water spots or soap visible", "chineseName": "蒙特梭利擦桌子", "levels": [{"level": 1, "name": "Complete Table Scrubbing", "description": "Wet, soap, scrub, rinse, dry", "videoSearchTerms": ["montessori table scrubbing"]}]},
        {"id": "pl_window_washing", "name": "Window Washing", "description": "Cleaning windows or mirrors", "ageRange": "primary_year1", "prerequisites": ["pl_table_scrubbing"], "sequence": 5, "materials": ["Spray bottle", "Squeegee", "Cloth", "Newspaper (optional)"], "directAims": ["Coordination", "Care of environment"], "indirectAims": ["Visual discrimination"], "controlOfError": "Streaks visible", "chineseName": "蒙特梭利擦窗户", "levels": [{"level": 1, "name": "Basic Window Washing", "description": "Spray, wipe, dry", "videoSearchTerms": ["montessori window washing"]}]},
        {"id": "pl_polishing_wood", "name": "Wood Polishing", "description": "Polishing wooden objects", "ageRange": "primary_year1", "prerequisites": ["pl_dusting"], "sequence": 6, "materials": ["Wooden objects", "Wood polish/oil", "Soft cloths", "Tray"], "directAims": ["Care of materials", "Concentration"], "indirectAims": ["Sequencing", "Visual discrimination"], "controlOfError": "Wood doesn't shine", "chineseName": "蒙特梭利木器抛光", "levels": [{"level": 1, "name": "Basic Wood Polishing", "description": "Apply, rub, buff", "videoSearchTerms": ["montessori wood polishing"]}]},
        {"id": "pl_polishing_metal", "name": "Metal Polishing", "description": "Polishing brass or silver", "ageRange": "primary_year1", "prerequisites": ["pl_polishing_wood"], "sequence": 7, "materials": ["Metal objects", "Metal polish", "Soft cloths", "Cotton balls", "Tray", "Apron"], "directAims": ["Care of materials", "Patience"], "indirectAims": ["Sequencing", "Concentration"], "controlOfError": "Metal doesn't shine", "chineseName": "蒙特梭利金属抛光", "levels": [{"level": 1, "name": "Brass Polishing", "description": "Polish brass objects", "videoSearchTerms": ["montessori brass polishing"]}, {"level": 2, "name": "Silver Polishing", "description": "Polish silver objects", "videoSearchTerms": ["montessori silver polishing"]}]},
        {"id": "pl_polishing_glass", "name": "Glass Polishing", "description": "Cleaning and polishing glass", "ageRange": "primary_year1", "prerequisites": ["pl_window_washing"], "sequence": 8, "materials": ["Glass objects", "Glass cleaner", "Soft cloths"], "directAims": ["Care of materials", "Gentleness"], "indirectAims": ["Concentration"], "controlOfError": "Smudges visible", "chineseName": "蒙特梭利玻璃抛光", "levels": [{"level": 1, "name": "Basic Glass Polishing", "description": "Clean and polish glass", "videoSearchTerms": ["montessori glass polishing"]}]},
        {"id": "pl_plant_care", "name": "Plant Care", "description": "Caring for classroom plants", "ageRange": "primary_year1", "prerequisites": ["pl_pouring_water"], "sequence": 9, "materials": ["Plants", "Watering can", "Spray bottle", "Cloth for leaves", "Small shovel"], "directAims": ["Care of living things", "Responsibility"], "indirectAims": ["Biology awareness", "Nurturing"], "controlOfError": "Dry soil, wilting, dusty leaves", "chineseName": "蒙特梭利植物护理", "levels": [{"level": 1, "name": "Watering", "description": "Water with appropriate amount", "videoSearchTerms": ["montessori watering plants"]}, {"level": 2, "name": "Misting", "description": "Spray leaves with water", "videoSearchTerms": ["montessori misting plants"]}, {"level": 3, "name": "Leaf Wiping", "description": "Clean dust from leaves", "videoSearchTerms": ["montessori wiping plant leaves"]}, {"level": 4, "name": "Complete Plant Care", "description": "Full care routine", "videoSearchTerms": ["montessori complete plant care"]}]},
        {"id": "pl_flower_arranging", "name": "Flower Arranging", "description": "Cutting and arranging flowers", "ageRange": "primary_year1", "prerequisites": ["pl_plant_care"], "sequence": 10, "materials": ["Flowers", "Vase", "Scissors", "Pitcher", "Funnel", "Sponge", "Apron", "Newspaper"], "directAims": ["Aesthetic appreciation", "Sequencing"], "indirectAims": ["Care of environment", "Concentration"], "controlOfError": "Arrangement unbalanced", "chineseName": "蒙特梭利插花", "levels": [{"level": 1, "name": "Simple Arrangement", "description": "Arrange pre-cut flowers", "videoSearchTerms": ["montessori flower arranging simple"]}, {"level": 2, "name": "Complete Process", "description": "Cut, prepare vase, arrange", "videoSearchTerms": ["montessori flower arranging complete"]}]},
        {"id": "pl_animal_care", "name": "Animal Care", "description": "Caring for classroom pets", "ageRange": "primary_year1", "prerequisites": ["pl_plant_care"], "sequence": 11, "materials": ["Pet supplies", "Food", "Water dish", "Cleaning supplies"], "directAims": ["Care of animals", "Responsibility"], "indirectAims": ["Empathy", "Biology"], "controlOfError": "Animal needs not met", "chineseName": "蒙特梭利动物护理", "levels": [{"level": 1, "name": "Feeding", "description": "Provide food and water", "videoSearchTerms": ["montessori animal care feeding"]}, {"level": 2, "name": "Habitat Care", "description": "Clean living space", "videoSearchTerms": ["montessori pet habitat care"]}]},
        {"id": "pl_dish_washing", "name": "Dish Washing", "description": "Washing, rinsing, and drying dishes", "ageRange": "primary_year1", "prerequisites": ["pl_table_scrubbing"], "sequence": 12, "materials": ["Dishes", "Two basins", "Dish soap", "Sponge/brush", "Drying rack", "Towel", "Apron"], "directAims": ["Sequencing", "Care of materials"], "indirectAims": ["Independence", "Contribution"], "controlOfError": "Dishes not clean or dry", "chineseName": "蒙特梭利洗碗", "levels": [{"level": 1, "name": "Basic Dish Washing", "description": "Wash, rinse, dry dishes", "videoSearchTerms": ["montessori dish washing"]}]},
        {"id": "pl_laundry", "name": "Laundry - Hand Washing", "description": "Hand washing small items", "ageRange": "primary_year1", "prerequisites": ["pl_table_scrubbing"], "sequence": 13, "materials": ["Basin", "Washboard", "Soap", "Clothespins", "Drying rack/line", "Small cloths"], "directAims": ["Care of belongings", "Sequencing"], "indirectAims": ["Independence", "Responsibility"], "controlOfError": "Stains remain", "chineseName": "蒙特梭利手洗衣物", "levels": [{"level": 1, "name": "Washing Cloths", "description": "Wash small cloths by hand", "videoSearchTerms": ["montessori hand washing clothes"]}, {"level": 2, "name": "Hanging to Dry", "description": "Use clothespins to hang", "videoSearchTerms": ["montessori hanging laundry"]}]},
        {"id": "pl_folding_laundry", "name": "Folding Laundry", "description": "Folding various clothing items", "ageRange": "primary_year1", "prerequisites": ["pl_folding_cloth"], "sequence": 14, "materials": ["Various clothing items"], "directAims": ["Care of belongings", "Organization"], "indirectAims": ["Independence", "Sequencing"], "controlOfError": "Folds uneven", "chineseName": "蒙特梭利折叠衣物", "levels": [{"level": 1, "name": "Washcloths/Napkins", "description": "Fold simple squares", "videoSearchTerms": ["montessori folding washcloths"]}, {"level": 2, "name": "Towels", "description": "Fold rectangular items", "videoSearchTerms": ["montessori folding towels"]}, {"level": 3, "name": "T-Shirts", "description": "Fold shirts", "videoSearchTerms": ["montessori folding shirts"]}, {"level": 4, "name": "Pants", "description": "Fold pants/trousers", "videoSearchTerms": ["montessori folding pants"]}]}
      ]
    },
    {
      "id": "pl_grace_courtesy",
      "name": "Grace and Courtesy",
      "description": "Social skills, manners, and respectful interaction",
      "sequence": 6,
      "works": [
        {"id": "pl_greetings", "name": "Greetings", "description": "How to greet people appropriately", "ageRange": "primary_year1", "prerequisites": [], "sequence": 1, "materials": [], "directAims": ["Social skills", "Communication"], "indirectAims": ["Confidence", "Respect"], "controlOfError": "Response from others", "chineseName": "蒙特梭利问候礼仪", "levels": [{"level": 1, "name": "Saying Hello/Goodbye", "description": "Verbal greetings", "videoSearchTerms": ["montessori greetings lesson"]}, {"level": 2, "name": "Handshaking", "description": "Proper handshake", "videoSearchTerms": ["montessori handshake lesson"]}, {"level": 3, "name": "Eye Contact", "description": "Looking at people when speaking", "videoSearchTerms": ["montessori eye contact greeting"]}]},
        {"id": "pl_introductions", "name": "Introductions", "description": "Introducing yourself and others", "ageRange": "primary_year1", "prerequisites": ["pl_greetings"], "sequence": 2, "materials": [], "directAims": ["Social skills", "Communication"], "indirectAims": ["Confidence", "Community"], "controlOfError": "Social response", "chineseName": "蒙特梭利自我介绍", "levels": [{"level": 1, "name": "Self Introduction", "description": "Introduce yourself with name", "videoSearchTerms": ["montessori self introduction"]}, {"level": 2, "name": "Introducing Others", "description": "Introduce two people to each other", "videoSearchTerms": ["montessori introducing others"]}]},
        {"id": "pl_please_thank_you", "name": "Please and Thank You", "description": "Using polite words", "ageRange": "primary_year1", "prerequisites": [], "sequence": 3, "materials": [], "directAims": ["Courtesy", "Communication"], "indirectAims": ["Social awareness"], "controlOfError": "Social feedback", "chineseName": "蒙特梭利请谢谢", "levels": [{"level": 1, "name": "Basic Usage", "description": "When to say please/thank you", "videoSearchTerms": ["montessori please thank you"]}]},
        {"id": "pl_excuse_me", "name": "Saying Excuse Me", "description": "When and how to say excuse me", "ageRange": "primary_year1", "prerequisites": ["pl_please_thank_you"], "sequence": 4, "materials": [], "directAims": ["Courtesy", "Awareness"], "indirectAims": ["Respect for others"], "controlOfError": "Social response", "chineseName": "蒙特梭利借过打扰", "levels": [{"level": 1, "name": "Basic Usage", "description": "When to say excuse me", "videoSearchTerms": ["montessori excuse me lesson"]}]},
        {"id": "pl_interrupting", "name": "How to Interrupt", "description": "Polite way to get attention", "ageRange": "primary_year1", "prerequisites": ["pl_excuse_me"], "sequence": 5, "materials": [], "directAims": ["Social awareness", "Patience"], "indirectAims": ["Respect for others", "Self-control"], "controlOfError": "Adult response", "chineseName": "蒙特梭利礼貌打断", "levels": [{"level": 1, "name": "Polite Interruption", "description": "Hand on shoulder, wait quietly", "videoSearchTerms": ["montessori how to interrupt politely"]}]},
        {"id": "pl_offering_help", "name": "Offering and Accepting Help", "description": "How to offer and receive assistance", "ageRange": "primary_year1", "prerequisites": ["pl_please_thank_you"], "sequence": 6, "materials": [], "directAims": ["Helpfulness", "Communication"], "indirectAims": ["Community", "Empathy"], "controlOfError": "Social response", "chineseName": "蒙特梭利提供帮助", "levels": [{"level": 1, "name": "Offering Help", "description": "Ask if help is needed", "videoSearchTerms": ["montessori offering help"]}, {"level": 2, "name": "Accepting Help", "description": "Graciously accept assistance", "videoSearchTerms": ["montessori accepting help"]}, {"level": 3, "name": "Declining Help", "description": "Politely decline if not needed", "videoSearchTerms": ["montessori declining help politely"]}]},
        {"id": "pl_apologizing", "name": "Apologizing", "description": "How to say sorry meaningfully", "ageRange": "primary_year1", "prerequisites": ["pl_please_thank_you"], "sequence": 7, "materials": [], "directAims": ["Taking responsibility", "Empathy"], "indirectAims": ["Conflict resolution"], "controlOfError": "Social response", "chineseName": "蒙特梭利道歉", "levels": [{"level": 1, "name": "Saying Sorry", "description": "Apologize sincerely", "videoSearchTerms": ["montessori apologizing"]}]},
        {"id": "pl_table_manners", "name": "Table Manners", "description": "Proper behavior during meals", "ageRange": "primary_year1", "prerequisites": [], "sequence": 8, "materials": ["Table setting materials", "Placemat", "Dishes", "Utensils"], "directAims": ["Dining etiquette", "Social skills"], "indirectAims": ["Cultural awareness", "Self-control"], "controlOfError": "Social feedback, visual template", "chineseName": "蒙特梭利餐桌礼仪", "levels": [{"level": 1, "name": "Sitting Properly", "description": "Sit correctly at table", "videoSearchTerms": ["montessori table manners sitting"]}, {"level": 2, "name": "Using Utensils", "description": "Proper utensil handling", "videoSearchTerms": ["montessori using utensils"]}, {"level": 3, "name": "Passing Food", "description": "Pass dishes politely", "videoSearchTerms": ["montessori passing food"]}, {"level": 4, "name": "Table Conversation", "description": "Appropriate mealtime talk", "videoSearchTerms": ["montessori table conversation"]}]},
        {"id": "pl_table_setting", "name": "Setting the Table", "description": "Complete place setting", "ageRange": "primary_year1", "prerequisites": ["pl_carrying_tray"], "sequence": 9, "materials": ["Placemat template", "Plate", "Cup", "Fork", "Knife", "Spoon", "Napkin"], "directAims": ["Sequencing", "Spatial awareness"], "indirectAims": ["Contribution", "Order"], "controlOfError": "Items don't match template", "chineseName": "蒙特梭利摆餐具", "levels": [{"level": 1, "name": "Basic Setting", "description": "Place setting with template", "videoSearchTerms": ["montessori table setting"]}, {"level": 2, "name": "Without Template", "description": "Place setting from memory", "videoSearchTerms": ["montessori table setting memory"]}]},
        {"id": "pl_observing_work", "name": "Observing Another's Work", "description": "How to watch others work respectfully", "ageRange": "primary_year1", "prerequisites": [], "sequence": 10, "materials": [], "directAims": ["Respect", "Self-control"], "indirectAims": ["Learning from others"], "controlOfError": "Social feedback", "chineseName": "蒙特梭利观察他人工作", "levels": [{"level": 1, "name": "Observing Quietly", "description": "Watch without touching or talking", "videoSearchTerms": ["montessori observing work"]}, {"level": 2, "name": "Asking to Watch", "description": "Permission to observe", "videoSearchTerms": ["montessori asking to observe"]}]},
        {"id": "pl_walking_around_work", "name": "Walking Around Someone's Work", "description": "Respecting others' workspace", "ageRange": "primary_year1", "prerequisites": ["pl_observing_work"], "sequence": 11, "materials": [], "directAims": ["Spatial awareness", "Respect"], "indirectAims": ["Community living"], "controlOfError": "Stepping on mat", "chineseName": "蒙特梭利绕开工作区", "levels": [{"level": 1, "name": "Walking Around Mat", "description": "Never step on someone's mat", "videoSearchTerms": ["montessori walking around work mat"]}]},
        {"id": "pl_sharing", "name": "Sharing and Taking Turns", "description": "How to share materials", "ageRange": "primary_year1", "prerequisites": ["pl_please_thank_you"], "sequence": 12, "materials": [], "directAims": ["Social skills", "Patience"], "indirectAims": ["Community", "Self-regulation"], "controlOfError": "Social feedback", "chineseName": "蒙特梭利分享轮流", "levels": [{"level": 1, "name": "Waiting for a Turn", "description": "Wait for material to be available", "videoSearchTerms": ["montessori waiting for turn"]}, {"level": 2, "name": "Sharing Materials", "description": "Offer to share when appropriate", "videoSearchTerms": ["montessori sharing materials"]}]}
      ]
    },
    {
      "id": "pl_food_prep",
      "name": "Food Preparation",
      "description": "Preparing food for oneself and others",
      "sequence": 7,
      "works": [
        {"id": "pl_washing_produce", "name": "Washing Fruits and Vegetables", "description": "Cleaning produce before eating", "ageRange": "primary_year1", "prerequisites": ["pl_pouring_water"], "sequence": 1, "materials": ["Basin", "Colander", "Various produce", "Towel"], "directAims": ["Food safety", "Independence"], "indirectAims": ["Healthy habits"], "controlOfError": "Dirt remains", "chineseName": "蒙特梭利洗水果蔬菜", "levels": [{"level": 1, "name": "Basic Washing", "description": "Wash and dry produce", "videoSearchTerms": ["montessori washing fruits vegetables"]}]},
        {"id": "pl_spreading", "name": "Spreading", "description": "Spreading butter, jam, or other spreads", "ageRange": "primary_year1", "prerequisites": ["pl_spooning"], "sequence": 2, "materials": ["Bread/crackers", "Spread", "Spreading knife", "Plate"], "directAims": ["Fine motor", "Food preparation"], "indirectAims": ["Independence", "Self-care"], "controlOfError": "Uneven spreading or torn bread", "chineseName": "蒙特梭利涂抹", "levels": [{"level": 1, "name": "Spreading on Bread", "description": "Spread butter or jam", "videoSearchTerms": ["montessori spreading butter bread"]}, {"level": 2, "name": "Spreading on Crackers", "description": "Spread without breaking", "videoSearchTerms": ["montessori spreading crackers"]}]},
        {"id": "pl_peeling_easy", "name": "Peeling - Easy Items", "description": "Peeling soft items by hand", "ageRange": "primary_year1", "prerequisites": [], "sequence": 3, "materials": ["Bananas", "Hard-boiled eggs", "Oranges", "Bowl"], "directAims": ["Fine motor", "Food preparation"], "indirectAims": ["Independence"], "controlOfError": "Peel remains", "chineseName": "蒙特梭利剥皮简单", "levels": [{"level": 1, "name": "Peeling Bananas", "description": "Peel banana from stem", "videoSearchTerms": ["montessori peeling banana"]}, {"level": 2, "name": "Peeling Eggs", "description": "Peel hard-boiled eggs", "videoSearchTerms": ["montessori peeling eggs"]}, {"level": 3, "name": "Peeling Oranges", "description": "Peel citrus fruits", "videoSearchTerms": ["montessori peeling orange"]}]},
        {"id": "pl_peeling_tool", "name": "Peeling - With Peeler", "description": "Using a vegetable peeler", "ageRange": "primary_year2", "prerequisites": ["pl_peeling_easy"], "sequence": 4, "materials": ["Vegetable peeler", "Carrots", "Cucumbers", "Potatoes", "Cutting board"], "directAims": ["Tool use", "Food preparation"], "indirectAims": ["Safety awareness", "Independence"], "controlOfError": "Peel remains or too much removed", "chineseName": "蒙特梭利削皮器", "levels": [{"level": 1, "name": "Peeling Carrots", "description": "Use peeler on carrots", "videoSearchTerms": ["montessori vegetable peeler carrots"]}, {"level": 2, "name": "Peeling Cucumbers", "description": "Peel cucumber", "videoSearchTerms": ["montessori peeling cucumber"]}, {"level": 3, "name": "Peeling Potatoes", "description": "Peel potatoes safely", "videoSearchTerms": ["montessori peeling potatoes"]}]},
        {"id": "pl_cutting_soft", "name": "Cutting Soft Foods", "description": "Cutting with child-safe knife", "ageRange": "primary_year1", "prerequisites": ["pl_spreading"], "sequence": 5, "materials": ["Cutting board", "Child-safe knife", "Soft foods (banana, cheese, cucumber)"], "directAims": ["Knife skills", "Coordination"], "indirectAims": ["Independence", "Safety awareness"], "controlOfError": "Uneven slices", "chineseName": "蒙特梭利切软食物", "levels": [{"level": 1, "name": "Cutting Banana", "description": "Slice banana into rounds", "videoSearchTerms": ["montessori cutting banana"]}, {"level": 2, "name": "Cutting Cheese", "description": "Cut cheese into cubes", "videoSearchTerms": ["montessori cutting cheese"]}, {"level": 3, "name": "Cutting Cucumber", "description": "Slice cucumber", "videoSearchTerms": ["montessori cutting cucumber"]}]},
        {"id": "pl_cutting_hard", "name": "Cutting Harder Foods", "description": "Cutting firmer foods", "ageRange": "primary_year2", "prerequisites": ["pl_cutting_soft"], "sequence": 6, "materials": ["Cutting board", "Knife", "Various vegetables", "Fruits"], "directAims": ["Advanced knife skills", "Safety"], "indirectAims": ["Independence", "Contribution"], "controlOfError": "Uneven cuts", "chineseName": "蒙特梭利切硬食物", "levels": [{"level": 1, "name": "Cutting Apple", "description": "Cut apple into slices", "videoSearchTerms": ["montessori cutting apple"]}, {"level": 2, "name": "Cutting Celery", "description": "Cut celery sticks", "videoSearchTerms": ["montessori cutting celery"]}, {"level": 3, "name": "Cutting Carrots", "description": "Cut carrot rounds/sticks", "videoSearchTerms": ["montessori cutting carrots"]}]},
        {"id": "pl_grating", "name": "Grating", "description": "Using a grater safely", "ageRange": "primary_year2", "prerequisites": ["pl_cutting_soft"], "sequence": 7, "materials": ["Grater", "Cheese", "Vegetables", "Bowl", "Cutting board"], "directAims": ["Tool use", "Food preparation"], "indirectAims": ["Safety awareness"], "controlOfError": "Fingers too close", "chineseName": "蒙特梭利擦丝器", "levels": [{"level": 1, "name": "Grating Cheese", "description": "Grate block of cheese", "videoSearchTerms": ["montessori grating cheese"]}, {"level": 2, "name": "Grating Vegetables", "description": "Grate carrots or zucchini", "videoSearchTerms": ["montessori grating vegetables"]}]},
        {"id": "pl_juicing", "name": "Juicing", "description": "Extracting juice from citrus", "ageRange": "primary_year1", "prerequisites": ["pl_cutting_soft"], "sequence": 8, "materials": ["Hand juicer", "Citrus fruits", "Cup", "Strainer"], "directAims": ["Hand strength", "Food preparation"], "indirectAims": ["Independence", "Nutrition"], "controlOfError": "Seeds in juice", "chineseName": "蒙特梭利榨汁", "levels": [{"level": 1, "name": "Juicing Oranges", "description": "Juice orange halves", "videoSearchTerms": ["montessori juicing oranges"]}, {"level": 2, "name": "Juicing Lemons", "description": "Juice lemons for lemonade", "videoSearchTerms": ["montessori juicing lemons"]}]},
        {"id": "pl_cracking_eggs", "name": "Cracking Eggs", "description": "Breaking eggs into bowl", "ageRange": "primary_year2", "prerequisites": ["pl_cutting_soft"], "sequence": 9, "materials": ["Eggs", "Bowl", "Small dish for shells"], "directAims": ["Fine motor control", "Food preparation"], "indirectAims": ["Cooking skills"], "controlOfError": "Shell in bowl", "chineseName": "蒙特梭利打鸡蛋", "levels": [{"level": 1, "name": "Cracking Eggs", "description": "Crack egg cleanly", "videoSearchTerms": ["montessori cracking eggs"]}]},
        {"id": "pl_making_snack", "name": "Making a Snack", "description": "Preparing complete simple snacks", "ageRange": "primary_year1", "prerequisites": ["pl_spreading", "pl_cutting_soft"], "sequence": 10, "materials": ["Various snack ingredients", "Utensils", "Plate"], "directAims": ["Sequencing", "Independence"], "indirectAims": ["Self-care", "Planning"], "controlOfError": "Snack not complete", "chineseName": "蒙特梭利制作点心", "levels": [{"level": 1, "name": "Crackers with Spread", "description": "Prepare crackers with topping", "videoSearchTerms": ["montessori snack preparation crackers"]}, {"level": 2, "name": "Fruit Plate", "description": "Cut and arrange fruits", "videoSearchTerms": ["montessori fruit plate preparation"]}, {"level": 3, "name": "Vegetable Sticks", "description": "Prepare veggies with dip", "videoSearchTerms": ["montessori vegetable snack"]}]}
      ]
    },
    {
      "id": "pl_sewing",
      "name": "Sewing and Needlework",
      "description": "Fine motor activities through sewing and threading",
      "sequence": 8,
      "works": [
        {"id": "pl_threading_beads", "name": "Threading Beads", "description": "Threading beads onto string", "ageRange": "primary_year1", "prerequisites": ["pl_tweezers"], "sequence": 1, "materials": ["Beads of various sizes", "String/cord with stiff end", "Container"], "directAims": ["Fine motor", "Hand-eye coordination"], "indirectAims": ["Concentration", "Pattern recognition"], "controlOfError": "Beads fall off", "chineseName": "蒙特梭利串珠", "levels": [{"level": 1, "name": "Large Beads - Large Holes", "description": "Thread large wooden beads", "videoSearchTerms": ["montessori threading large beads"]}, {"level": 2, "name": "Medium Beads", "description": "Thread smaller beads", "videoSearchTerms": ["montessori threading beads medium"]}, {"level": 3, "name": "Small Beads", "description": "Thread tiny beads", "videoSearchTerms": ["montessori threading small beads"]}, {"level": 4, "name": "Pattern Threading", "description": "Follow color/shape pattern", "videoSearchTerms": ["montessori bead pattern threading"]}]},
        {"id": "pl_sewing_cards", "name": "Sewing Cards", "description": "Lacing through pre-punched cards", "ageRange": "primary_year1", "prerequisites": ["pl_threading_beads"], "sequence": 2, "materials": ["Sewing cards with holes", "Laces/yarn with plastic tip"], "directAims": ["Fine motor", "Bilateral coordination"], "indirectAims": ["Preparation for sewing", "Concentration"], "controlOfError": "Missed holes", "chineseName": "蒙特梭利缝纫卡", "levels": [{"level": 1, "name": "Simple Line Lacing", "description": "Lace through holes in line", "videoSearchTerms": ["montessori sewing cards line"]}, {"level": 2, "name": "Shape Outline", "description": "Lace around shape outline", "videoSearchTerms": ["montessori sewing cards shape"]}]},
        {"id": "pl_punching", "name": "Paper Punching", "description": "Using a paper punch", "ageRange": "primary_year1", "prerequisites": ["pl_tweezers"], "sequence": 3, "materials": ["Paper punch", "Paper", "Mat"], "directAims": ["Hand strength", "Fine motor"], "indirectAims": ["Preparation for sewing", "Creating"], "controlOfError": "Punch not complete", "chineseName": "蒙特梭利打孔器", "levels": [{"level": 1, "name": "Random Punching", "description": "Punch holes freely", "videoSearchTerms": ["montessori paper punching"]}, {"level": 2, "name": "Following Outline", "description": "Punch along drawn line", "videoSearchTerms": ["montessori punching outline"]}]},
        {"id": "pl_running_stitch", "name": "Running Stitch", "description": "Basic sewing stitch on fabric", "ageRange": "primary_year2", "prerequisites": ["pl_sewing_cards"], "sequence": 4, "materials": ["Burlap or loose-weave fabric", "Embroidery hoop", "Blunt needle", "Embroidery thread"], "directAims": ["Sewing skill", "Fine motor"], "indirectAims": ["Concentration", "Creating"], "controlOfError": "Uneven stitches", "chineseName": "蒙特梭利平针", "levels": [{"level": 1, "name": "Running Stitch - Burlap", "description": "Basic stitch on loose weave", "videoSearchTerms": ["montessori running stitch burlap"]}, {"level": 2, "name": "Running Stitch - Cotton", "description": "Stitch on regular fabric", "videoSearchTerms": ["montessori running stitch cotton"]}]},
        {"id": "pl_cross_stitch", "name": "Cross Stitch", "description": "Creating X patterns with thread", "ageRange": "primary_year3", "prerequisites": ["pl_running_stitch"], "sequence": 5, "materials": ["Aida cloth", "Embroidery hoop", "Blunt needle", "Thread"], "directAims": ["Advanced sewing", "Pattern following"], "indirectAims": ["Patience", "Creating"], "controlOfError": "Stitches don't form X", "chineseName": "蒙特梭利十字绣", "levels": [{"level": 1, "name": "Basic Cross Stitch", "description": "Create X pattern", "videoSearchTerms": ["montessori cross stitch"]}]},
        {"id": "pl_button_sewing", "name": "Sewing a Button", "description": "Attaching buttons to fabric", "ageRange": "primary_year3", "prerequisites": ["pl_running_stitch"], "sequence": 6, "materials": ["Fabric", "Buttons", "Needle", "Thread", "Scissors"], "directAims": ["Practical sewing skill", "Independence"], "indirectAims": ["Self-sufficiency"], "controlOfError": "Button loose or falls off", "chineseName": "蒙特梭利缝纽扣", "levels": [{"level": 1, "name": "Two-Hole Button", "description": "Sew button with 2 holes", "videoSearchTerms": ["montessori sewing button two hole"]}, {"level": 2, "name": "Four-Hole Button", "description": "Sew button with 4 holes", "videoSearchTerms": ["montessori sewing button four hole"]}]},
        {"id": "pl_weaving", "name": "Weaving", "description": "Basic weaving techniques", "ageRange": "primary_year2", "prerequisites": ["pl_sewing_cards"], "sequence": 7, "materials": ["Weaving loom or paper", "Yarn or strips"], "directAims": ["Pattern following", "Bilateral coordination"], "indirectAims": ["Patience", "Creating"], "controlOfError": "Pattern breaks", "chineseName": "蒙特梭利编织", "levels": [{"level": 1, "name": "Paper Weaving", "description": "Weave paper strips", "videoSearchTerms": ["montessori paper weaving"]}, {"level": 2, "name": "Loom Weaving", "description": "Weave on simple loom", "videoSearchTerms": ["montessori loom weaving child"]}]}
      ]
    }
  ]
}
