{
  "id": "sensorial",
  "name": "Sensorial",
  "description": "Materials that refine the senses and help children classify and organize sensory impressions",
  "color": "#FF9800",
  "icon": "👁️",
  "sequence": 2,
  "categories": [
    {
      "id": "se_visual_dimension",
      "name": "Visual Sense - Dimension",
      "description": "Discriminating differences in size, height, length, and dimension",
      "sequence": 1,
      "works": [
        {"id": "se_cylinder_block_1", "name": "Cylinder Block 1", "description": "Cylinders varying in diameter only (same height)", "ageRange": "primary_year1", "prerequisites": [], "sequence": 1, "materials": ["Cylinder Block 1 with 10 cylinders"], "directAims": ["Visual discrimination of diameter", "Fine motor - pencil grip"], "indirectAims": ["Preparation for writing", "Concentration", "Mathematical mind"], "controlOfError": "Cylinders don't fit or one left over", "chineseName": "蒙特梭利圆柱体插座1", "levels": [{"level": 1, "name": "Basic Presentation", "description": "Remove and replace cylinders randomly", "videoSearchTerms": ["montessori cylinder block 1 presentation"]}, {"level": 2, "name": "In Order", "description": "Replace in sequence", "videoSearchTerms": ["montessori cylinder block 1 order"]}, {"level": 3, "name": "Blindfolded", "description": "Complete with eyes closed", "videoSearchTerms": ["montessori cylinder block 1 blindfolded"]}]},
        {"id": "se_cylinder_block_2", "name": "Cylinder Block 2", "description": "Cylinders varying in height only (same diameter)", "ageRange": "primary_year1", "prerequisites": ["se_cylinder_block_1"], "sequence": 2, "materials": ["Cylinder Block 2 with 10 cylinders"], "directAims": ["Visual discrimination of height", "Fine motor"], "indirectAims": ["Preparation for writing", "Concentration"], "controlOfError": "Cylinders don't fit or one left over", "chineseName": "蒙特梭利圆柱体插座2", "levels": [{"level": 1, "name": "Basic Presentation", "description": "Remove and replace cylinders", "videoSearchTerms": ["montessori cylinder block 2 presentation"]}, {"level": 2, "name": "In Order", "description": "Replace in sequence", "videoSearchTerms": ["montessori cylinder block 2 order"]}, {"level": 3, "name": "Blindfolded", "description": "Complete with eyes closed", "videoSearchTerms": ["montessori cylinder block 2 blindfolded"]}]},
        {"id": "se_cylinder_block_3", "name": "Cylinder Block 3", "description": "Cylinders varying in both diameter and height (same direction - largest is tallest)", "ageRange": "primary_year1", "prerequisites": ["se_cylinder_block_2"], "sequence": 3, "materials": ["Cylinder Block 3 with 10 cylinders"], "directAims": ["Visual discrimination of two dimensions simultaneously"], "indirectAims": ["Mathematical mind", "Concentration"], "controlOfError": "Cylinders don't fit", "chineseName": "蒙特梭利圆柱体插座3", "levels": [{"level": 1, "name": "Basic Presentation", "description": "Remove and replace cylinders", "videoSearchTerms": ["montessori cylinder block 3 presentation"]}, {"level": 2, "name": "In Order", "description": "Replace in sequence", "videoSearchTerms": ["montessori cylinder block 3 order"]}, {"level": 3, "name": "Blindfolded", "description": "Complete with eyes closed", "videoSearchTerms": ["montessori cylinder block 3 blindfolded"]}]},
        {"id": "se_cylinder_block_4", "name": "Cylinder Block 4", "description": "Cylinders varying in both diameter and height (opposite direction - largest diameter is shortest)", "ageRange": "primary_year1", "prerequisites": ["se_cylinder_block_3"], "sequence": 4, "materials": ["Cylinder Block 4 with 10 cylinders"], "directAims": ["Visual discrimination of inverse relationships"], "indirectAims": ["Problem solving", "Concentration"], "controlOfError": "Cylinders don't fit", "chineseName": "蒙特梭利圆柱体插座4", "levels": [{"level": 1, "name": "Basic Presentation", "description": "Remove and replace cylinders", "videoSearchTerms": ["montessori cylinder block 4 presentation"]}, {"level": 2, "name": "In Order", "description": "Replace in sequence", "videoSearchTerms": ["montessori cylinder block 4 order"]}, {"level": 3, "name": "Blindfolded", "description": "Complete with eyes closed", "videoSearchTerms": ["montessori cylinder block 4 blindfolded"]}]},
        {"id": "se_cylinder_blocks_combined", "name": "Cylinder Blocks Combined", "description": "Working with multiple cylinder blocks simultaneously", "ageRange": "primary_year1", "prerequisites": ["se_cylinder_block_4"], "sequence": 5, "materials": ["Multiple Cylinder Blocks"], "directAims": ["Complex visual discrimination", "Problem solving"], "indirectAims": ["Concentration", "Persistence"], "controlOfError": "Cylinders don't fit in correct blocks", "chineseName": "蒙特梭利圆柱体插座组合", "levels": [{"level": 1, "name": "Two Blocks", "description": "Mix and sort two blocks", "videoSearchTerms": ["montessori cylinder blocks two combined"]}, {"level": 2, "name": "Three Blocks", "description": "Mix and sort three blocks", "videoSearchTerms": ["montessori cylinder blocks three combined"]}, {"level": 3, "name": "All Four Blocks", "description": "Mix and sort all 40 cylinders", "videoSearchTerms": ["montessori cylinder blocks all four combined"]}, {"level": 4, "name": "All Four Blindfolded", "description": "All blocks with eyes closed", "videoSearchTerms": ["montessori cylinder blocks all blindfolded"]}]},
        {"id": "se_pink_tower", "name": "Pink Tower", "description": "Ten pink wooden cubes graduating from 1cm³ to 10cm³", "ageRange": "primary_year1", "prerequisites": ["se_cylinder_block_1"], "sequence": 6, "materials": ["10 Pink Cubes"], "directAims": ["Visual discrimination of size in three dimensions", "Vocabulary: large/small"], "indirectAims": ["Mathematical mind (cube numbers)", "Coordination", "Concentration"], "controlOfError": "Tower falls or looks incorrect", "chineseName": "蒙特梭利粉红塔", "levels": [{"level": 1, "name": "Vertical Tower", "description": "Build tower largest to smallest", "videoSearchTerms": ["montessori pink tower presentation"]}, {"level": 2, "name": "Horizontal Layout", "description": "Arrange cubes in line", "videoSearchTerms": ["montessori pink tower horizontal"]}, {"level": 3, "name": "Distance Exercise", "description": "Carry cubes one at a time from across room", "videoSearchTerms": ["montessori pink tower distance"]}, {"level": 4, "name": "Random Building", "description": "Build from random selection", "videoSearchTerms": ["montessori pink tower random"]}, {"level": 5, "name": "Off-Center Tower", "description": "Build with cubes offset", "videoSearchTerms": ["montessori pink tower off center"]}, {"level": 6, "name": "Blindfolded", "description": "Build tower by touch only", "videoSearchTerms": ["montessori pink tower blindfolded"]}, {"level": 7, "name": "With Brown Stair", "description": "Combined extensions", "videoSearchTerms": ["montessori pink tower brown stair extensions"]}]},
        {"id": "se_brown_stair", "name": "Brown Stair (Broad Stair)", "description": "Ten brown wooden prisms with constant length but varying width/height from 1cm to 10cm", "ageRange": "primary_year1", "prerequisites": ["se_pink_tower"], "sequence": 7, "materials": ["10 Brown Prisms"], "directAims": ["Visual discrimination of width/thickness", "Vocabulary: thick/thin, wide/narrow"], "indirectAims": ["Mathematical mind (square numbers)", "Coordination"], "controlOfError": "Stair uneven or incorrect sequence", "chineseName": "蒙特梭利棕色梯", "levels": [{"level": 1, "name": "Building Stair", "description": "Arrange thickest to thinnest", "videoSearchTerms": ["montessori brown stair presentation"]}, {"level": 2, "name": "Vertical Stair", "description": "Build stair going up", "videoSearchTerms": ["montessori brown stair vertical"]}, {"level": 3, "name": "Distance Exercise", "description": "Carry prisms from across room", "videoSearchTerms": ["montessori brown stair distance"]}, {"level": 4, "name": "Random Building", "description": "Build from random selection", "videoSearchTerms": ["montessori brown stair random"]}, {"level": 5, "name": "Blindfolded", "description": "Build by touch", "videoSearchTerms": ["montessori brown stair blindfolded"]}, {"level": 6, "name": "With Pink Tower", "description": "Combined constructions", "videoSearchTerms": ["montessori brown stair pink tower"]}]},
        {"id": "se_red_rods", "name": "Red Rods (Long Rods)", "description": "Ten red wooden rods varying in length from 10cm to 1 meter", "ageRange": "primary_year1", "prerequisites": ["se_brown_stair"], "sequence": 8, "materials": ["10 Red Rods"], "directAims": ["Visual discrimination of length", "Vocabulary: long/short"], "indirectAims": ["Preparation for number rods", "Spatial awareness", "Coordination"], "controlOfError": "Rods don't align at one end, stair uneven", "chineseName": "蒙特梭利红棒", "levels": [{"level": 1, "name": "Building Stair", "description": "Arrange longest to shortest aligned at one end", "videoSearchTerms": ["montessori red rods presentation"]}, {"level": 2, "name": "Maze Pattern", "description": "Create maze with alternating alignment", "videoSearchTerms": ["montessori red rods maze"]}, {"level": 3, "name": "Distance Exercise", "description": "Carry rods from across room", "videoSearchTerms": ["montessori red rods distance"]}, {"level": 4, "name": "Random Building", "description": "Build from random selection", "videoSearchTerms": ["montessori red rods random"]}, {"level": 5, "name": "Blindfolded", "description": "Build by touch", "videoSearchTerms": ["montessori red rods blindfolded"]}]},
        {"id": "se_knobless_cylinders", "name": "Knobless Cylinders", "description": "Four boxes of 10 colored wooden cylinders matching cylinder block dimensions", "ageRange": "primary_year1", "prerequisites": ["se_cylinder_blocks_combined"], "sequence": 9, "materials": ["4 boxes: Yellow, Red, Green, Blue (40 cylinders total)"], "directAims": ["Visual discrimination without control of error", "Pattern recognition"], "indirectAims": ["Problem solving", "Mathematical relationships"], "controlOfError": "Visual comparison only - no frame to guide", "chineseName": "蒙特梭利无柄圆柱体", "levels": [{"level": 1, "name": "Yellow Box", "description": "Height varies only (matches Block 2)", "videoSearchTerms": ["montessori knobless cylinders yellow"]}, {"level": 2, "name": "Red Box", "description": "Diameter varies only (matches Block 1)", "videoSearchTerms": ["montessori knobless cylinders red"]}, {"level": 3, "name": "Green Box", "description": "Both vary same direction (matches Block 3)", "videoSearchTerms": ["montessori knobless cylinders green"]}, {"level": 4, "name": "Blue Box", "description": "Both vary opposite (matches Block 4)", "videoSearchTerms": ["montessori knobless cylinders blue"]}, {"level": 5, "name": "Two Boxes Combined", "description": "Stack or compare two sets", "videoSearchTerms": ["montessori knobless cylinders two boxes"]}, {"level": 6, "name": "Three Boxes Combined", "description": "Work with three sets", "videoSearchTerms": ["montessori knobless cylinders three boxes"]}, {"level": 7, "name": "All Four Boxes", "description": "Create equal height towers using all 40", "videoSearchTerms": ["montessori knobless cylinders all four"]}, {"level": 8, "name": "With Cylinder Blocks", "description": "Place on matching blocks", "videoSearchTerms": ["montessori knobless cylinders with blocks"]}]}
      ]
    },
    {
      "id": "se_visual_color",
      "name": "Visual Sense - Color",
      "description": "Discriminating and grading colors",
      "sequence": 2,
      "works": [
        {"id": "se_color_box_1", "name": "Color Box 1 (Primary Colors)", "description": "Three pairs of color tablets - red, yellow, blue", "ageRange": "primary_year1", "prerequisites": [], "sequence": 1, "materials": ["Color Box 1 with 6 tablets"], "directAims": ["Color recognition", "Visual matching", "Vocabulary: red, yellow, blue"], "indirectAims": ["Concentration", "Visual discrimination"], "controlOfError": "Colors don't match", "chineseName": "蒙特梭利颜色盒1", "levels": [{"level": 1, "name": "Matching Primary Colors", "description": "Match the three pairs", "videoSearchTerms": ["montessori color box 1 presentation"]}, {"level": 2, "name": "Naming Colors", "description": "Learn color names", "videoSearchTerms": ["montessori color box 1 naming"]}]},
        {"id": "se_color_box_2", "name": "Color Box 2 (Secondary Colors)", "description": "Eleven pairs of color tablets including primary, secondary, and other colors", "ageRange": "primary_year1", "prerequisites": ["se_color_box_1"], "sequence": 2, "materials": ["Color Box 2 with 22 tablets"], "directAims": ["Color discrimination", "Extended color vocabulary"], "indirectAims": ["Visual memory", "Concentration"], "controlOfError": "Colors don't match", "chineseName": "蒙特梭利颜色盒2", "levels": [{"level": 1, "name": "Matching All Colors", "description": "Match all 11 pairs", "videoSearchTerms": ["montessori color box 2 presentation"]}, {"level": 2, "name": "Naming All Colors", "description": "Name all colors", "videoSearchTerms": ["montessori color box 2 naming"]}, {"level": 3, "name": "Distance Game", "description": "Find matching color from across room", "videoSearchTerms": ["montessori color box 2 distance game"]}, {"level": 4, "name": "Memory Game", "description": "Find match without direct comparison", "videoSearchTerms": ["montessori color box 2 memory game"]}]},
        {"id": "se_color_box_3", "name": "Color Box 3 (Color Gradations)", "description": "Nine colors with seven gradations each (63 tablets total)", "ageRange": "primary_year1", "prerequisites": ["se_color_box_2"], "sequence": 3, "materials": ["Color Box 3 with 63 tablets (9 colors × 7 shades)"], "directAims": ["Fine color discrimination", "Grading shades", "Vocabulary: light/dark, lighter/darker"], "indirectAims": ["Aesthetic appreciation", "Concentration", "Order"], "controlOfError": "Gradation appears out of order", "chineseName": "蒙特梭利颜色盒3", "levels": [{"level": 1, "name": "Grading One Color", "description": "Arrange 7 shades darkest to lightest", "videoSearchTerms": ["montessori color box 3 grading one color"]}, {"level": 2, "name": "Grading Three Colors", "description": "Grade three color sets simultaneously", "videoSearchTerms": ["montessori color box 3 three colors"]}, {"level": 3, "name": "Grading All Nine Colors", "description": "Create complete color chart", "videoSearchTerms": ["montessori color box 3 all colors"]}, {"level": 4, "name": "Sun Ray Pattern", "description": "Arrange in radiating sun pattern", "videoSearchTerms": ["montessori color box 3 sun pattern"]}, {"level": 5, "name": "Finding Objects", "description": "Match tablets to objects in environment", "videoSearchTerms": ["montessori color box 3 environment matching"]}, {"level": 6, "name": "Distance Grading", "description": "Grade with tablets placed across room", "videoSearchTerms": ["montessori color box 3 distance grading"]}]}
      ]
    },
    {
      "id": "se_visual_form",
      "name": "Visual Sense - Form",
      "description": "Discriminating geometric forms and shapes",
      "sequence": 3,
      "works": [
        {"id": "se_geometric_cabinet", "name": "Geometric Cabinet", "description": "Cabinet with six drawers containing 35 geometric shape insets", "ageRange": "primary_year1", "prerequisites": ["se_cylinder_block_1"], "sequence": 1, "materials": ["Geometric Cabinet", "Presentation tray", "Three sets of matching cards"], "directAims": ["Visual discrimination of geometric forms", "Shape vocabulary"], "indirectAims": ["Preparation for geometry", "Fine motor", "Concentration"], "controlOfError": "Shapes don't fit in frames", "chineseName": "蒙特梭利几何图形柜", "levels": [{"level": 1, "name": "Presentation Tray", "description": "Circle, square, triangle introduction", "videoSearchTerms": ["montessori geometric cabinet presentation tray"]}, {"level": 2, "name": "Drawer 1 - Circles", "description": "Six circles of decreasing size", "videoSearchTerms": ["montessori geometric cabinet drawer 1 circles"]}, {"level": 3, "name": "Drawer 2 - Rectangles", "description": "Six rectangles of varying dimensions", "videoSearchTerms": ["montessori geometric cabinet drawer 2 rectangles"]}, {"level": 4, "name": "Drawer 3 - Triangles", "description": "Seven types of triangles", "videoSearchTerms": ["montessori geometric cabinet drawer 3 triangles"]}, {"level": 5, "name": "Drawer 4 - Polygons", "description": "Pentagon, hexagon, heptagon, octagon, nonagon, decagon", "videoSearchTerms": ["montessori geometric cabinet drawer 4 polygons"]}, {"level": 6, "name": "Drawer 5 - Curved Figures", "description": "Ellipse, oval, curvilinear triangle, quatrefoil", "videoSearchTerms": ["montessori geometric cabinet drawer 5 curved"]}, {"level": 7, "name": "Drawer 6 - Quadrilaterals", "description": "Rhombus, parallelogram, trapezoid, trapezium", "videoSearchTerms": ["montessori geometric cabinet drawer 6 quadrilaterals"]}, {"level": 8, "name": "Cards Set 1 - Solid", "description": "Match shapes to solid color cards", "videoSearchTerms": ["montessori geometric cabinet cards solid"]}, {"level": 9, "name": "Cards Set 2 - Thick Line", "description": "Match to thick outline cards", "videoSearchTerms": ["montessori geometric cabinet cards thick line"]}, {"level": 10, "name": "Cards Set 3 - Thin Line", "description": "Match to thin outline cards", "videoSearchTerms": ["montessori geometric cabinet cards thin line"]}, {"level": 11, "name": "Stereognostic", "description": "Identify shapes blindfolded", "videoSearchTerms": ["montessori geometric cabinet blindfolded"]}]},
        {"id": "se_geometric_solids", "name": "Geometric Solids", "description": "Ten blue three-dimensional wooden shapes", "ageRange": "primary_year1", "prerequisites": ["se_geometric_cabinet"], "sequence": 2, "materials": ["10 Geometric Solids", "Wooden bases", "Mystery bag"], "directAims": ["Understanding 3D forms", "Shape vocabulary: sphere, cube, cylinder, cone, pyramid, prism, ovoid, ellipsoid"], "indirectAims": ["Stereognostic sense", "Mathematical mind"], "controlOfError": "Incorrect naming or matching", "chineseName": "蒙特梭利几何立体组", "levels": [{"level": 1, "name": "Introduction", "description": "Explore and name solids", "videoSearchTerms": ["montessori geometric solids introduction"]}, {"level": 2, "name": "Rolling/Not Rolling", "description": "Sort by ability to roll", "videoSearchTerms": ["montessori geometric solids rolling"]}, {"level": 3, "name": "Matching to Bases", "description": "Match solids to base shapes", "videoSearchTerms": ["montessori geometric solids bases"]}, {"level": 4, "name": "Finding in Environment", "description": "Find objects matching each solid", "videoSearchTerms": ["montessori geometric solids environment"]}, {"level": 5, "name": "Mystery Bag", "description": "Identify by touch in bag", "videoSearchTerms": ["montessori geometric solids mystery bag"]}, {"level": 6, "name": "Two Children Game", "description": "Describe for partner to find", "videoSearchTerms": ["montessori geometric solids partner game"]}]},
        {"id": "se_constructive_triangles_rect", "name": "Constructive Triangles - Rectangular Box", "description": "Triangles that combine to form rectangles", "ageRange": "primary_year1", "prerequisites": ["se_geometric_cabinet"], "sequence": 3, "materials": ["Rectangular Box of Constructive Triangles"], "directAims": ["Understanding that shapes can be constructed from triangles", "Spatial reasoning"], "indirectAims": ["Geometry preparation", "Problem solving"], "controlOfError": "Shapes don't form correctly", "chineseName": "蒙特梭利构成三角形-长方形盒", "levels": [{"level": 1, "name": "With Black Lines", "description": "Match triangles using guide lines", "videoSearchTerms": ["montessori constructive triangles rectangular box"]}, {"level": 2, "name": "Without Lines", "description": "Construct without guides", "videoSearchTerms": ["montessori constructive triangles no lines"]}]},
        {"id": "se_constructive_triangles_tri", "name": "Constructive Triangles - Triangular Box", "description": "Gray triangles forming various triangle types", "ageRange": "primary_year1", "prerequisites": ["se_constructive_triangles_rect"], "sequence": 4, "materials": ["Triangular Box of Constructive Triangles"], "directAims": ["Understanding triangle construction", "Triangle vocabulary"], "indirectAims": ["Geometry", "Spatial reasoning"], "controlOfError": "Shapes don't form correctly", "chineseName": "蒙特梭利构成三角形-三角形盒", "levels": [{"level": 1, "name": "Constructing Triangles", "description": "Form different triangle types", "videoSearchTerms": ["montessori constructive triangles triangular box"]}]},
        {"id": "se_constructive_triangles_large_hex", "name": "Constructive Triangles - Large Hexagonal Box", "description": "Yellow triangles forming hexagons and other shapes", "ageRange": "primary_year1", "prerequisites": ["se_constructive_triangles_tri"], "sequence": 5, "materials": ["Large Hexagonal Box of Constructive Triangles"], "directAims": ["Hexagon construction", "Shape relationships"], "indirectAims": ["Geometry", "Pattern recognition"], "controlOfError": "Shapes don't form correctly", "chineseName": "蒙特梭利构成三角形-大六边形盒", "levels": [{"level": 1, "name": "Building Hexagon", "description": "Form hexagon from triangles", "videoSearchTerms": ["montessori constructive triangles large hexagonal"]}, {"level": 2, "name": "Other Shapes", "description": "Form rhombus, trapezoid, parallelogram", "videoSearchTerms": ["montessori large hexagonal box shapes"]}]},
        {"id": "se_constructive_triangles_small_hex", "name": "Constructive Triangles - Small Hexagonal Box", "description": "Gray and green triangles for complex constructions", "ageRange": "primary_year2", "prerequisites": ["se_constructive_triangles_large_hex"], "sequence": 6, "materials": ["Small Hexagonal Box of Constructive Triangles"], "directAims": ["Complex shape construction", "Equivalence"], "indirectAims": ["Advanced geometry", "Problem solving"], "controlOfError": "Shapes don't align", "chineseName": "蒙特梭利构成三角形-小六边形盒", "levels": [{"level": 1, "name": "Complex Constructions", "description": "Form hexagon and demonstrate equivalence", "videoSearchTerms": ["montessori constructive triangles small hexagonal"]}]},
        {"id": "se_constructive_triangles_blue", "name": "Constructive Triangles - Blue Triangles", "description": "12 blue right-angled scalene triangles for free construction", "ageRange": "primary_year2", "prerequisites": ["se_constructive_triangles_small_hex"], "sequence": 7, "materials": ["Blue Constructive Triangles (12 pieces)"], "directAims": ["Creative construction", "Exploration of shape possibilities"], "indirectAims": ["Creativity", "Spatial reasoning"], "controlOfError": "None - creative exploration", "chineseName": "蒙特梭利蓝色构成三角形", "levels": [{"level": 1, "name": "Free Construction", "description": "Create various shapes freely", "videoSearchTerms": ["montessori blue constructive triangles"]}]},
        {"id": "se_binomial_cube", "name": "Binomial Cube", "description": "Puzzle representing the cube of a binomial (a+b)³", "ageRange": "primary_year1", "prerequisites": ["se_pink_tower"], "sequence": 8, "materials": ["Binomial Cube in box"], "directAims": ["Visual discrimination", "3D spatial reasoning"], "indirectAims": ["Preparation for algebra", "Concentration"], "controlOfError": "Pieces don't fit in box, pattern doesn't match lid", "chineseName": "蒙特梭利二项式立方体", "levels": [{"level": 1, "name": "Building in Box", "description": "Reconstruct cube following lid pattern", "videoSearchTerms": ["montessori binomial cube presentation"]}, {"level": 2, "name": "Building Outside Box", "description": "Build cube on mat", "videoSearchTerms": ["montessori binomial cube outside box"]}, {"level": 3, "name": "Building Layer by Layer", "description": "Construct understanding layers", "videoSearchTerms": ["montessori binomial cube layers"]}]},
        {"id": "se_trinomial_cube", "name": "Trinomial Cube", "description": "Puzzle representing the cube of a trinomial (a+b+c)³", "ageRange": "primary_year2", "prerequisites": ["se_binomial_cube"], "sequence": 9, "materials": ["Trinomial Cube in box"], "directAims": ["Advanced visual discrimination", "Complex 3D reasoning"], "indirectAims": ["Preparation for algebra", "Persistence"], "controlOfError": "Pieces don't fit, pattern doesn't match", "chineseName": "蒙特梭利三项式立方体", "levels": [{"level": 1, "name": "Building in Box", "description": "Reconstruct following pattern", "videoSearchTerms": ["montessori trinomial cube presentation"]}, {"level": 2, "name": "Building Outside Box", "description": "Build on mat", "videoSearchTerms": ["montessori trinomial cube outside box"]}, {"level": 3, "name": "Building Layer by Layer", "description": "Construct understanding layers", "videoSearchTerms": ["montessori trinomial cube layers"]}]},
        {"id": "se_superimposed_geometric_figures", "name": "Superimposed Geometric Figures", "description": "Wire shapes that overlay to show relationships", "ageRange": "primary_year2", "prerequisites": ["se_geometric_cabinet"], "sequence": 10, "materials": ["Set of superimposed geometric figures"], "directAims": ["Understanding shape relationships", "Inscribed/circumscribed figures"], "indirectAims": ["Geometry preparation"], "controlOfError": "Shapes don't align correctly", "chineseName": "蒙特梭利叠加几何图形", "levels": [{"level": 1, "name": "Exploring Relationships", "description": "Overlay shapes to see relationships", "videoSearchTerms": ["montessori superimposed geometric figures"]}]}
      ]
    },
    {
      "id": "se_tactile",
      "name": "Tactile Sense",
      "description": "Refining the sense of touch through texture discrimination",
      "sequence": 4,
      "works": [
        {"id": "se_touch_boards", "name": "Touch Boards", "description": "Boards with contrasting textures", "ageRange": "primary_year1", "prerequisites": [], "sequence": 1, "materials": ["Touch Boards (3 boards)"], "directAims": ["Tactile discrimination", "Vocabulary: rough/smooth"], "indirectAims": ["Preparation for writing (finger sensitivity)", "Concentration"], "controlOfError": "Texture difference is clearly felt", "chineseName": "蒙特梭利触觉板", "levels": [{"level": 1, "name": "Board 1 - Two Halves", "description": "Half sandpaper, half smooth wood", "videoSearchTerms": ["montessori touch board 1 rough smooth"]}, {"level": 2, "name": "Board 2 - Alternating Strips", "description": "Alternating rough and smooth strips", "videoSearchTerms": ["montessori touch board 2 strips"]}, {"level": 3, "name": "Board 3 - Gradations", "description": "Five grades from rough to smooth", "videoSearchTerms": ["montessori touch board 3 gradations"]}]},
        {"id": "se_touch_tablets", "name": "Touch Tablets (Rough and Smooth)", "description": "Pairs of tablets with varying sandpaper grades to match", "ageRange": "primary_year1", "prerequisites": ["se_touch_boards"], "sequence": 2, "materials": ["Touch Tablets Box (5 pairs - 10 tablets)"], "directAims": ["Fine tactile discrimination", "Grading textures"], "indirectAims": ["Concentration", "Vocabulary refinement"], "controlOfError": "Textures don't match or grade correctly", "chineseName": "蒙特梭利触觉片", "levels": [{"level": 1, "name": "Matching Pairs", "description": "Find matching texture pairs", "videoSearchTerms": ["montessori touch tablets matching"]}, {"level": 2, "name": "Grading", "description": "Arrange roughest to smoothest", "videoSearchTerms": ["montessori touch tablets grading"]}, {"level": 3, "name": "Blindfolded Matching", "description": "Match by touch only", "videoSearchTerms": ["montessori touch tablets blindfolded"]}, {"level": 4, "name": "Blindfolded Grading", "description": "Grade by touch only", "videoSearchTerms": ["montessori touch tablets blindfolded grading"]}]},
        {"id": "se_fabric_matching", "name": "Fabric Matching", "description": "Pairs of fabric swatches to match by texture", "ageRange": "primary_year1", "prerequisites": ["se_touch_tablets"], "sequence": 3, "materials": ["Fabric Box (6+ pairs of fabric swatches)"], "directAims": ["Fine tactile discrimination", "Fabric vocabulary: silk, cotton, wool, etc."], "indirectAims": ["Real-world application", "Concentration"], "controlOfError": "Fabrics don't match", "chineseName": "蒙特梭利布料配对盒", "levels": [{"level": 1, "name": "Matching Eyes Open", "description": "Match fabric pairs visually and by touch", "videoSearchTerms": ["montessori fabric matching"]}, {"level": 2, "name": "Matching Blindfolded", "description": "Match by touch only", "videoSearchTerms": ["montessori fabric matching blindfolded"]}, {"level": 3, "name": "Naming Fabrics", "description": "Learn names of different fabrics", "videoSearchTerms": ["montessori fabric naming"]}]},
        {"id": "se_sorting_grains", "name": "Sorting Grains", "description": "Sorting different grains by touch", "ageRange": "primary_year1", "prerequisites": ["se_touch_tablets"], "sequence": 4, "materials": ["Various grains", "Sorting bowls", "Blindfold"], "directAims": ["Tactile discrimination of similar textures"], "indirectAims": ["Concentration", "Patience"], "controlOfError": "Grains in wrong bowl", "chineseName": "蒙特梭利谷物分类", "levels": [{"level": 1, "name": "Two Types", "description": "Sort two grain types blindfolded", "videoSearchTerms": ["montessori sorting grains blindfolded"]}, {"level": 2, "name": "Three Types", "description": "Sort three grain types", "videoSearchTerms": ["montessori sorting three grains"]}]}
      ]
    },
    {
      "id": "se_baric",
      "name": "Baric Sense",
      "description": "Discriminating differences in weight",
      "sequence": 5,
      "works": [
        {"id": "se_baric_tablets", "name": "Baric Tablets", "description": "Three sets of tablets in varying weights", "ageRange": "primary_year1", "prerequisites": [], "sequence": 1, "materials": ["Baric Tablets (3 sets of different wood/weight)"], "directAims": ["Weight discrimination", "Vocabulary: heavy/light, heavier/lighter"], "indirectAims": ["Concentration", "Fine discrimination"], "controlOfError": "Incorrect sorting by weight", "chineseName": "蒙特梭利重量板", "levels": [{"level": 1, "name": "Sorting", "description": "Sort into three weight groups", "videoSearchTerms": ["montessori baric tablets sorting"]}, {"level": 2, "name": "Pairing", "description": "Find matching weights from mixed pile", "videoSearchTerms": ["montessori baric tablets pairing"]}, {"level": 3, "name": "Grading", "description": "Arrange lightest to heaviest", "videoSearchTerms": ["montessori baric tablets grading"]}, {"level": 4, "name": "Blindfolded", "description": "Complete exercises blindfolded", "videoSearchTerms": ["montessori baric tablets blindfolded"]}]}
      ]
    },
    {
      "id": "se_thermic",
      "name": "Thermic Sense",
      "description": "Discriminating differences in temperature",
      "sequence": 6,
      "works": [
        {"id": "se_thermic_tablets", "name": "Thermic Tablets", "description": "Pairs of tablets made from different materials (felt, wood, marble, metal, cork, glass)", "ageRange": "primary_year1", "prerequisites": [], "sequence": 1, "materials": ["Thermic Tablets (6 pairs of different materials)"], "directAims": ["Temperature discrimination", "Vocabulary: warm/cold, warmer/colder"], "indirectAims": ["Awareness of material properties"], "controlOfError": "Materials don't match or grade correctly", "chineseName": "蒙特梭利温觉板", "levels": [{"level": 1, "name": "Matching Materials", "description": "Match pairs by temperature feel", "videoSearchTerms": ["montessori thermic tablets matching"]}, {"level": 2, "name": "Grading", "description": "Arrange from coldest to warmest feel", "videoSearchTerms": ["montessori thermic tablets grading"]}, {"level": 3, "name": "Blindfolded", "description": "Match by touch only", "videoSearchTerms": ["montessori thermic tablets blindfolded"]}]},
        {"id": "se_thermic_bottles", "name": "Thermic Bottles", "description": "Metal bottles filled with water at different temperatures", "ageRange": "primary_year1", "prerequisites": ["se_thermic_tablets"], "sequence": 2, "materials": ["Thermic Bottles (4 pairs at different temperatures)"], "directAims": ["Actual temperature discrimination"], "indirectAims": ["Scientific awareness"], "controlOfError": "Bottles don't match", "chineseName": "蒙特梭利温度瓶", "levels": [{"level": 1, "name": "Matching Temperatures", "description": "Match bottles of same temperature", "videoSearchTerms": ["montessori thermic bottles"]}, {"level": 2, "name": "Grading", "description": "Arrange coldest to warmest", "videoSearchTerms": ["montessori thermic bottles grading"]}]}
      ]
    },
    {
      "id": "se_auditory",
      "name": "Auditory Sense",
      "description": "Refining the sense of hearing",
      "sequence": 7,
      "works": [
        {"id": "se_sound_boxes", "name": "Sound Boxes (Sound Cylinders)", "description": "Two sets of six cylinders with varying sounds", "ageRange": "primary_year1", "prerequisites": [], "sequence": 1, "materials": ["Sound Boxes (2 matching sets of 6 cylinders)"], "directAims": ["Auditory discrimination", "Vocabulary: loud/soft, louder/softer"], "indirectAims": ["Concentration", "Auditory memory"], "controlOfError": "Sounds don't match", "chineseName": "蒙特梭利听觉筒", "levels": [{"level": 1, "name": "Matching Sounds", "description": "Find matching sound pairs", "videoSearchTerms": ["montessori sound boxes matching"]}, {"level": 2, "name": "Grading", "description": "Arrange softest to loudest", "videoSearchTerms": ["montessori sound boxes grading"]}, {"level": 3, "name": "Distance Matching", "description": "Match with sets across room", "videoSearchTerms": ["montessori sound boxes distance"]}]},
        {"id": "se_bells", "name": "Montessori Bells", "description": "Two sets of 13 bells spanning one octave plus sharps/flats", "ageRange": "primary_year2", "prerequisites": ["se_sound_boxes"], "sequence": 2, "materials": ["Montessori Bells (26 bells)", "Mallet", "Damper"], "directAims": ["Pitch discrimination", "Musical ear development", "Note names"], "indirectAims": ["Aesthetic appreciation", "Preparation for music"], "controlOfError": "Pitches don't match", "chineseName": "蒙特梭利音乐铃", "levels": [{"level": 1, "name": "Matching Pairs", "description": "Match bells of same pitch", "videoSearchTerms": ["montessori bells matching"]}, {"level": 2, "name": "Grading - C Scale", "description": "Arrange in musical scale order", "videoSearchTerms": ["montessori bells grading scale"]}, {"level": 3, "name": "Naming Notes", "description": "Learn musical note names", "videoSearchTerms": ["montessori bells naming notes"]}, {"level": 4, "name": "Playing Simple Songs", "description": "Play familiar melodies", "videoSearchTerms": ["montessori bells playing songs"]}, {"level": 5, "name": "Writing Music", "description": "Notation introduction", "videoSearchTerms": ["montessori bells music notation"]}, {"level": 6, "name": "Sharp and Flat Bells", "description": "Introduction to half-steps", "videoSearchTerms": ["montessori bells sharps flats"]}]}
      ]
    },
    {
      "id": "se_olfactory",
      "name": "Olfactory Sense",
      "description": "Refining the sense of smell",
      "sequence": 8,
      "works": [
        {"id": "se_smelling_bottles", "name": "Smelling Bottles", "description": "Pairs of bottles containing various scents", "ageRange": "primary_year1", "prerequisites": [], "sequence": 1, "materials": ["Smelling Bottles (2 matching sets of 6 bottles)", "Various scent materials"], "directAims": ["Olfactory discrimination", "Scent identification"], "indirectAims": ["Concentration", "Memory", "Vocabulary"], "controlOfError": "Scents don't match", "chineseName": "蒙特梭利嗅觉瓶", "levels": [{"level": 1, "name": "Matching Scents", "description": "Find matching scent pairs", "videoSearchTerms": ["montessori smelling bottles matching"]}, {"level": 2, "name": "Identifying Scents", "description": "Name familiar scents", "videoSearchTerms": ["montessori smelling bottles identifying"]}, {"level": 3, "name": "Pleasant/Unpleasant", "description": "Sort by preference", "videoSearchTerms": ["montessori smelling bottles sorting"]}]}
      ]
    },
    {
      "id": "se_gustatory",
      "name": "Gustatory Sense",
      "description": "Refining the sense of taste",
      "sequence": 9,
      "works": [
        {"id": "se_tasting_bottles", "name": "Tasting Bottles/Cups", "description": "Bottles or cups containing different taste solutions", "ageRange": "primary_year1", "prerequisites": [], "sequence": 1, "materials": ["Tasting containers", "Dropper", "Solutions: sweet, sour, salty, bitter"], "directAims": ["Gustatory discrimination", "Vocabulary: sweet, sour, salty, bitter"], "indirectAims": ["Awareness of tastes", "Vocabulary development"], "controlOfError": "Taste identification incorrect", "chineseName": "蒙特梭利味觉瓶", "levels": [{"level": 1, "name": "Identifying Basic Tastes", "description": "Identify sweet, sour, salty, bitter", "videoSearchTerms": ["montessori tasting bottles"]}, {"level": 2, "name": "Matching Tastes", "description": "Match pairs of same taste", "videoSearchTerms": ["montessori tasting matching"]}, {"level": 3, "name": "Grading Intensity", "description": "Order by strength", "videoSearchTerms": ["montessori tasting grading"]}]}
      ]
    },
    {
      "id": "se_stereognostic",
      "name": "Stereognostic Sense",
      "description": "Recognizing objects through touch alone (combining tactile and muscular memory)",
      "sequence": 10,
      "works": [
        {"id": "se_mystery_bag", "name": "Mystery Bag", "description": "Bag containing objects to identify by touch", "ageRange": "primary_year1", "prerequisites": ["se_geometric_solids"], "sequence": 1, "materials": ["Mystery Bag (cloth bag)", "Various familiar objects"], "directAims": ["Stereognostic sense development", "Mental visualization"], "indirectAims": ["Concentration", "Vocabulary"], "controlOfError": "Object identification incorrect", "chineseName": "蒙特梭利神秘袋", "levels": [{"level": 1, "name": "Familiar Objects", "description": "Identify common classroom objects", "videoSearchTerms": ["montessori mystery bag familiar objects"]}, {"level": 2, "name": "Miniature Objects", "description": "Identify small replicas", "videoSearchTerms": ["montessori mystery bag miniatures"]}, {"level": 3, "name": "Geometric Solids", "description": "Identify 3D shapes by touch", "videoSearchTerms": ["montessori mystery bag geometric solids"]}, {"level": 4, "name": "Matching Pairs", "description": "Find matching objects in bag", "videoSearchTerms": ["montessori mystery bag matching pairs"]}, {"level": 5, "name": "Two Bags", "description": "Find match between two bags", "videoSearchTerms": ["montessori mystery bag two bags"]}]},
        {"id": "se_sorting_objects", "name": "Sorting Objects Stereognostically", "description": "Sorting mixed objects by touch alone", "ageRange": "primary_year1", "prerequisites": ["se_mystery_bag"], "sequence": 2, "materials": ["Mixed objects", "Sorting containers", "Blindfold"], "directAims": ["Stereognostic discrimination"], "indirectAims": ["Concentration", "Classification"], "controlOfError": "Objects in wrong containers", "chineseName": "蒙特梭利盲摸分类", "levels": [{"level": 1, "name": "Two Categories", "description": "Sort into two groups blindfolded", "videoSearchTerms": ["montessori stereognostic sorting two"]}, {"level": 2, "name": "Three Categories", "description": "Sort into three groups", "videoSearchTerms": ["montessori stereognostic sorting three"]}, {"level": 3, "name": "Multiple Categories", "description": "Complex sorting", "videoSearchTerms": ["montessori stereognostic sorting multiple"]}]}
      ]
    }
  ]
}
